filename;Extension;Localisation.in.Sciex.OS.project;sample_id;type;collector_fullname;observation_subject;inat_upload;is_wild;ATTRIBUTE_Species;no_name_on_list;picture_panel;picture_general;picture_detail;picture_cut;picture_panel_label;x_coord;y_coord;date;collector_orcid;collector_inat;NCBITaxonomy_ID;Ionization mode;garden
20262605_dbgi_006689_01;\2026\Defossez\Mazzarine\;\2026\Defossez\Mazzarine\20262605_dbgi_006689_01;dbgi_006689;SAMPLE;Mazzarine Laboureau;Leaf;1;0;Aegopodium podagraria;0;DCIM/jbc/Aegopodium podagraria_dbgi_006689_01.jpg;DCIM/jbc/Aegopodium podagraria_dbgi_006689_02.jpg;DCIM/jbc/Aegopodium podagraria_dbgi_006689_03.jpg;DCIM/jbc/Aegopodium podagraria_dbgi_006689_04.jpg;DCIM/jbc/Aegopodium podagraria_dbgi_006689_05.jpg;2574822;1097949.6;2,02506E+13;0009-0006-7011-4195;@mazzarinel;40902;positive;jbc
20262605_dbgi_009030_01;\2026\Defossez\Mazzarine\;\2026\Defossez\Mazzarine\20262605_dbgi_009030_01;dbgi_009030;SAMPLE;Mazzarine Laboureau;Leaf;1;0;Arnica montana;0;DCIM/jbc/Arnica montana_dbgi_009030_01.jpg;DCIM/jbc/Arnica montana_dbgi_009030_02.jpg;DCIM/jbc/Arnica montana_dbgi_009030_03.jpg;DCIM/jbc/Arnica montana_dbgi_009030_04.jpg;DCIM/jbc/Arnica montana_dbgi_009030_05.jpg;2574817.8;1097973.5;2,02507E+13;0009-0006-7011-4195;@mazzarinel;436207;positive;jbc
20262605_dbgi_006624_01;\2026\Defossez\Mazzarine\;\2026\Defossez\Mazzarine\20262605_dbgi_006624_01;dbgi_006624;SAMPLE;Mazzarine Laboureau;Leaf;1;0;Leontodon hispidus;0;DCIM/jbc/Leontodon hispidus_dbgi_006624_01.jpg;DCIM/jbc/Leontodon hispidus_dbgi_006624_02.jpg;DCIM/jbc/Leontodon hispidus_dbgi_006624_03.jpg;DCIM/jbc/Leontodon hispidus_dbgi_006624_04.jpg;DCIM/jbc/Leontodon hispidus_dbgi_006624_05.jpg;2574749;1097981.6;2,02506E+13;0009-0006-7011-4195;@mazzarinel;58660;positive;jbc
20262605_dbgi_006704_01;\2026\Defossez\Mazzarine\;\2026\Defossez\Mazzarine\20262605_dbgi_006704_01;dbgi_006704;SAMPLE;Mazzarine Laboureau;Leaf;1;0;Achillea millefolium;0;DCIM/jbc/Achillea millefolium_dbgi_006704_01.jpg;DCIM/jbc/Achillea millefolium_dbgi_006704_02.jpg;DCIM/jbc/Achillea millefolium_dbgi_006704_03.jpg;DCIM/jbc/Achillea millefolium_dbgi_006704_04.jpg;DCIM/jbc/Achillea millefolium_dbgi_006704_05.jpg;2574746.2;1097987.4;2,02506E+13;0009-0006-7011-4195;@mazzarinel;13329;positive;jbc
20262605_dbgi_001575_01;\2026\Defossez\Mazzarine\;\2026\Defossez\Mazzarine\20262605_dbgi_001575_01;dbgi_001575;SAMPLE;Mazzarine Laboureau;Leaf;1;0;Vaccinium vitis-idaea;0;DCIM/jbc/Vaccinium vitis-idaea_dbgi_001575_01.jpg;DCIM/jbc/Vaccinium vitis-idaea_dbgi_001575_02.jpg;DCIM/jbc/Vaccinium vitis-idaea_dbgi_001575_03.jpg;DCIM/jbc/Vaccinium vitis-idaea_dbgi_001575_04.jpg;DCIM/jbc/Vaccinium vitis-idaea_dbgi_001575_05.jpg;2574804.5;1097981.6;2,02507E+13;0009-0006-7011-4195;@mazzarinel;180772;positive;jbc
20262605_dbgi_008755_01;\2026\Defossez\Mazzarine\;\2026\Defossez\Mazzarine\20262605_dbgi_008755_01;dbgi_008755;SAMPLE;Mazzarine Laboureau;Leaf;1;0;Picea abies;0;DCIM/jbc/Picea abies_dbgi_008755_01.jpg;DCIM/jbc/Picea abies_dbgi_008755_02.jpg;DCIM/jbc/Picea abies_dbgi_008755_03.jpg;DCIM/jbc/Picea abies_dbgi_008755_04.jpg;DCIM/jbc/Picea abies_dbgi_008755_05.jpg;2574790.2;1097969.4;2,02507E+13;0009-0006-7011-4195;@mazzarinel;3329;positive;jbc
20262605_dbgi_009093_01;\2026\Defossez\Mazzarine\;\2026\Defossez\Mazzarine\20262605_dbgi_009093_01;dbgi_009093;SAMPLE;Mazzarine Laboureau;Leaf;1;0;Hieracium murorum;0;DCIM/jbc/Hieracium murorum_dbgi_009093_01.jpg;DCIM/jbc/Hieracium murorum_dbgi_009093_02.jpg;DCIM/jbc/Hieracium murorum_dbgi_009093_03.jpg;DCIM/jbc/Hieracium murorum_dbgi_009093_04.jpg;DCIM/jbc/Hieracium murorum_dbgi_009093_05.jpg;2574797.2;1097983.4;2,02507E+13;0009-0006-7011-4195;@mazzarinel;212671;positive;jbc
20262605_dbgi_008634_01;\2026\Defossez\Mazzarine\;\2026\Defossez\Mazzarine\20262605_dbgi_008634_01;dbgi_008634;SAMPLE;Mazzarine Laboureau;Leaf;1;0;Juniperus communis;0;DCIM/jbc/Juniperus communis_dbgi_008634_01.jpg;DCIM/jbc/Juniperus communis_dbgi_008634_02.jpg;DCIM/jbc/Juniperus communis_dbgi_008634_03.jpg;DCIM/jbc/Juniperus communis_dbgi_008634_04.jpg;DCIM/jbc/Juniperus communis_dbgi_008634_05.jpg;2574743.8;1097953;2,02505E+13;0009-0006-7011-4195;@mazzarinel;58039;positive;jbc
20262605_dbgi_008461_01;\2026\Defossez\Mazzarine\;\2026\Defossez\Mazzarine\20262605_dbgi_008461_01;dbgi_008461;SAMPLE;Mazzarine Laboureau;Leaf;1;0;Arctostaphylos uva-ursi;0;DCIM/jbc/Arctostaphylus uva-ursi_dbgi_008461_01.jpg;DCIM/jbc/Arctostaphylus uva-ursi_dbgi_008461_02.jpg;DCIM/jbc/Arctostaphylus uva-ursi_dbgi_008461_03.jpg;DCIM/jbc/Arctostaphylus uva-ursi_dbgi_008461_04.jpg;DCIM/jbc/Arctostaphylus uva-ursi_dbgi_008461_05.jpg;2574821;1097944.5;2,02506E+13;0009-0006-7011-4195;@mazzarinel;84009;positive;jbc
20262605_dbgi_007170_01;\2026\Defossez\Mazzarine\;\2026\Defossez\Mazzarine\20262605_dbgi_007170_01;dbgi_007170;SAMPLE;Mazzarine Laboureau;Leaf;1;0;Carlina acaulis;0;DCIM/jbc/Carlina acaulis_dbgi_007170_01.jpg;DCIM/jbc/Carlina acaulis_dbgi_007170_02.jpg;DCIM/jbc/Carlina acaulis_dbgi_007170_03.jpg;DCIM/jbc/Carlina acaulis_dbgi_007170_04.jpg;DCIM/jbc/Carlina acaulis_dbgi_007170_05.jpg;2574767;1097990;2,02506E+13;0009-0006-7011-4195;@mazzarinel;538471;positive;jbc
20262605_dbgi_006630_01;\2026\Defossez\Mazzarine\;\2026\Defossez\Mazzarine\20262605_dbgi_006630_01;dbgi_006630;SAMPLE;Mazzarine Laboureau;Leaf;1;0;Thymus serpyllum;0;DCIM/jbc/Thymus serpyllum_dbgi_006630_01.jpg;DCIM/jbc/Thymus serpyllum_dbgi_006630_02.jpg;DCIM/jbc/Thymus serpyllum_dbgi_006630_03.jpg;DCIM/jbc/Thymus serpyllum_dbgi_006630_04.jpg;DCIM/jbc/Thymus serpyllum_dbgi_006630_05.jpg;2574748.8;1097982.9;2,02506E+13;0009-0006-7011-4195;@mazzarinel;204219;positive;jbc
20262605_dbgi_009037_01;\2026\Defossez\Mazzarine\;\2026\Defossez\Mazzarine\20262605_dbgi_009037_01;dbgi_009037;SAMPLE;Mazzarine Laboureau;Leaf;1;0;Vaccinium vitis-idaea;0;DCIM/jbc/Vaccinium vitis-idaea_dbgi_009037_01.jpg;DCIM/jbc/Vaccinium vitis-idaea_dbgi_009037_02.jpg;DCIM/jbc/Vaccinium vitis-idaea_dbgi_009037_03.jpg;DCIM/jbc/VaccinPPleium vitis-idaea_dbgi_009037_04.jpg;DCIM/jbc/Vaccinium vitis-idaea_dbgi_009037_05.jpg;2574819.5;1097973.9;2,02507E+13;0009-0006-7011-4195;@mazzarinel;180772;positive;jbc
20262605_dbgi_004288_01;\2026\Defossez\Mazzarine\;\2026\Defossez\Mazzarine\20262605_dbgi_004288_01;dbgi_004288;SAMPLE;Mazzarine Laboureau;Leaf;1;0;Prenanthes purpurea;0;DCIM/jbc/Prenanthes purpurea_dbgi_004288_01.jpg;DCIM/jbc/Prenanthes purpurea_dbgi_004288_02.jpg;DCIM/jbc/Prenanthes purpurea_dbgi_004288_03.jpg;DCIM/jbc/Prenanthes purpurea_dbgi_004288_04.jpg;DCIM/jbc/Prenanthes purpurea_dbgi_004288_05.jpg;2574737;1097986.6;2,02506E+13;0009-0006-7011-4195;@mazzarinel;43204;positive;jbc
20262605_dbgi_006788_01;\2026\Defossez\Mazzarine\;\2026\Defossez\Mazzarine\20262605_dbgi_006788_01;dbgi_006788;SAMPLE;Mazzarine Laboureau;Leaf;1;0;Carlina acaulis;0;DCIM/jbc/Carlina acaulis_dbgi_006788_01.jpg;DCIM/jbc/Carlina acaulis_dbgi_006788_02.jpg;DCIM/jbc/Carlina acaulis_dbgi_006788_03.jpg;DCIM/jbc/Carlina acaulis_dbgi_006788_04.jpg;DCIM/jbc/Carlina acaulis_dbgi_006788_05.jpg;2574767.8;1097989.6;2,02506E+13;0009-0006-7011-4195;@mazzarinel;538471;positive;jbc
20262605_dbgi_006884_01;\2026\Defossez\Mazzarine\;\2026\Defossez\Mazzarine\20262605_dbgi_006884_01;dbgi_006884;SAMPLE;Émilie Lab;Leaf;1;0;Thymus serpyllum;0;DCIM/jbc/Thymus serpyllum_dbgi_006884_01.jpg;DCIM/jbc/Thymus serpyllum_dbgi_006884_02.jpg;DCIM/jbc/Thymus serpyllum_dbgi_006884_03.jpg;DCIM/jbc/Thymus serpyllum_dbgi_006884_04.jpg;DCIM/jbc/Thymus serpyllum_dbgi_006884_05.jpg;2574758;1097984.6;2,02506E+13;;;204219;positive;jbc
20262605_dbgi_006755_01;\2026\Defossez\Mazzarine\;\2026\Defossez\Mazzarine\20262605_dbgi_006755_01;dbgi_006755;SAMPLE;Mazzarine Laboureau;Leaf;1;0;Lapsana communis;0;DCIM/jbc/Lapsana communis_dbgi_006755_01.jpg;DCIM/jbc/Lapsana communis_dbgi_006755_02.jpg;DCIM/jbc/Lapsana communis_dbgi_006755_03.jpg;DCIM/jbc/Lapsana communis_dbgi_006755_04.jpg;DCIM/jbc/Lapsana communis_dbgi_006755_05.jpg;2574707.2;1097958.8;2,02506E+13;0009-0006-7011-4195;@mazzarinel;268080;positive;jbc
20262605_dbgi_009348_01;\2026\Defossez\Mazzarine\;\2026\Defossez\Mazzarine\20262605_dbgi_009348_01;dbgi_009348;SAMPLE;Émilie Lab;Leaf;1;0;Salix reticulata;0;DCIM/jbc/Salix reticulata_dbgi_009348_01.jpg;DCIM/jbc/Salix reticulata_dbgi_009348_02.jpg;DCIM/jbc/Salix reticulata_dbgi_009348_03.jpg;DCIM/jbc/Salix reticulata_dbgi_009348_04.jpg;DCIM/jbc/Salix reticulata_dbgi_009348_05.jpg;2574777.8;1097994;2,02507E+13;;;75717;positive;jbc
20262605_dbgi_007046_01;\2026\Defossez\Mazzarine\;\2026\Defossez\Mazzarine\20262605_dbgi_007046_01;dbgi_007046;SAMPLE;Mazzarine Laboureau;Leaf;1;0;Dryas octopetala;0;DCIM/jbc/Dryas octopetala_dbgi_007046_01.jpg;DCIM/jbc/Dryas octopetala_dbgi_007046_02.jpg;DCIM/jbc/Dryas octopetala_dbgi_007046_03.jpg;DCIM/jbc/Dryas octopetala_dbgi_007046_04.jpg;DCIM/jbc/Dryas octopetala_dbgi_007046_05.jpg;2574802.8;1097961.8;2,02507E+13;0009-0006-7011-4195;@mazzarinel;57948;positive;jbc
20262605_dbgi_009274_01;\2026\Defossez\Mazzarine\;\2026\Defossez\Mazzarine\20262605_dbgi_009274_01;dbgi_009274;SAMPLE;Mazzarine Laboureau;Leaf;1;0;Salix retusa;0;DCIM/jbc/Salix retusa_dbgi_009274_01.jpg;DCIM/jbc/Salix retusa_dbgi_009274_02.jpg;DCIM/jbc/Salix retusa_dbgi_009274_03.jpg;DCIM/jbc/Salix retusa_dbgi_009274_04.jpg;DCIM/jbc/Salix retusa_dbgi_009274_05.jpg;2574749.2;1097977.6;2,02507E+13;0009-0006-7011-4195;@mazzarinel;77066;positive;jbc
20262605_dbgi_008691_01;\2026\Defossez\Mazzarine\;\2026\Defossez\Mazzarine\20262605_dbgi_008691_01;dbgi_008691;SAMPLE;Mazzarine Laboureau;Leaf;1;0;Rhododendron ferrugineum;0;DCIM/jbc/Rhododendron ferrugineum_dbgi_008691_01.jpg;DCIM/jbc/Rhododendron ferrugineum_dbgi_008691_02.jpg;DCIM/jbc/Rhododendron ferrugineum_dbgi_008691_03.jpg;DCIM/jbc/Rhododendron ferrugineum_dbgi_008691_04.jpg;DCIM/jbc/Rhododendron ferrugineum_dbgi_008691_05.jpg;2574730.5;1097953;2,02505E+13;0009-0006-7011-4195;@mazzarinel;49622;positive;jbc
20262605_dbgi_006863_01;\2026\Defossez\Mazzarine\;\2026\Defossez\Mazzarine\20262605_dbgi_006863_01;dbgi_006863;SAMPLE;Mazzarine Laboureau;Leaf;1;0;Cornus sanguinea;0;DCIM/jbc/Cornus sanguinea_dbgi_006863_01.jpg;DCIM/jbc/Cornus sanguinea_dbgi_006863_02.jpg;DCIM/jbc/Cornus sanguinea_dbgi_006863_03.jpg;DCIM/jbc/Cornus sanguinea_dbgi_006863_04.jpg;DCIM/jbc/Cornus sanguinea_dbgi_006863_05.jpg;2574810.2;1097970.8;2,02507E+13;0009-0006-7011-4195;@mazzarinel;367354;positive;jbc
20262605_dbgi_008600_01;\2026\Defossez\Mazzarine\;\2026\Defossez\Mazzarine\20262605_dbgi_008600_01;dbgi_008600;SAMPLE;Émilie Lab;Leaf;1;0;Sempervivum montanum;0;DCIM/jbc/Sempervivum montanum_dbgi_008600_01.jpg;DCIM/jbc/Sempervivum montanum_dbgi_008600_02.jpg;DCIM/jbc/Sempervivum montanum_dbgi_008600_03.jpg;DCIM/jbc/Sempervivum montanum_dbgi_008600_04.jpg;DCIM/jbc/Sempervivum montanum_dbgi_008600_05.jpg;2574754.8;1097969.9;2,02505E+13;;;1239926;positive;jbc
20262605_dbgi_004122_01;\2026\Defossez\Mazzarine\;\2026\Defossez\Mazzarine\20262605_dbgi_004122_01;dbgi_004122;SAMPLE;Mazzarine Laboureau;Leaf;1;0;Anthoxanthum odoratum;0;DCIM/jbc/Anthoxanthum odoratum_dbgi_004122_01.jpg;DCIM/jbc/Anthoxanthum odoratum_dbgi_004122_02.jpg;DCIM/jbc/Anthoxanthum odoratum_dbgi_004122_03.jpg;DCIM/jbc/Anthoxanthum odoratum_dbgi_004122_04.jpg;DCIM/jbc/Anthoxanthum odoratum_dbgi_004122_05.jpg;2574810;1097948.8;2,02506E+13;0009-0006-7011-4195;@mazzarinel;29661;positive;jbc
20262605_dbgi_008458_01;\2026\Defossez\Mazzarine\;\2026\Defossez\Mazzarine\20262605_dbgi_008458_01;dbgi_008458;SAMPLE;Mazzarine Laboureau;Leaf;1;0;Vaccinium vitis-idaea;0;DCIM/jbc/Vaccinium vitis-idaea_dbgi_008458_01.jpg;DCIM/jbc/Vaccinium vitis-idaea_dbgi_008458_02.jpg;DCIM/jbc/Vaccinium vitis-idaea_dbgi_008458_03.jpg;DCIM/jbc/Vaccinium vitis-idaea_dbgi_008458_04.jpg;DCIM/jbc/Vaccinium vitis-idaea_dbgi_008458_05.jpg;2574799;1097946.8;2,02506E+13;0009-0006-7011-4195;@mazzarinel;180772;positive;jbc
20262605_dbgi_006797_01;\2026\Defossez\Mazzarine\;\2026\Defossez\Mazzarine\20262605_dbgi_006797_01;dbgi_006797;SAMPLE;Émilie Lab;Leaf;1;0;Saxifraga apiculata;0;DCIM/jbc/Saxifraga apiculata_dbgi_006797_01.jpg;DCIM/jbc/Saxifraga apiculata_dbgi_006797_02.jpg;DCIM/jbc/Saxifraga apiculata_dbgi_006797_03.jpg;DCIM/jbc/Saxifraga apiculata_dbgi_006797_04.jpg;DCIM/jbc/Saxifraga apiculata_dbgi_006797_05.jpg;2574771;1097983.2;2,02506E+13;;;3798;positive;jbc
20262605_dbgi_006708_01;\2026\Defossez\Mazzarine\;\2026\Defossez\Mazzarine\20262605_dbgi_006708_01;dbgi_006708;SAMPLE;Émilie Lab;Leaf;1;0;Gentiana purpurea;0;DCIM/jbc/Gentiana purpurea_dbgi_006708_01.jpg;DCIM/jbc/Gentiana purpurea_dbgi_006708_02.jpg;DCIM/jbc/Gentiana purpurea_dbgi_006708_03.jpg;DCIM/jbc/Gentiana purpurea_dbgi_006708_04.jpg;DCIM/jbc/Gentiana purpurea_dbgi_006708_05.jpg;2574798.2;1097966;2,02507E+13;;;49954;positive;jbc
20262605_dbgi_008797_01;\2026\Defossez\Mazzarine\;\2026\Defossez\Mazzarine\20262605_dbgi_008797_01;dbgi_008797;SAMPLE;Alexandra Slotte;Leaf;1;0;Arctostaphylos uva-ursi;0;DCIM/jbc/Arctostaphylos uva-ursi_dbgi_008797_01.jpg;DCIM/jbc/Arctostaphylos uva-ursi_dbgi_008797_02.jpg;DCIM/jbc/Arctostaphylos uva-ursi_dbgi_008797_03.jpg;DCIM/jbc/Arctostaphylos uva-ursi_dbgi_008797_04.jpg;DCIM/jbc/Arctostaphylos uva-ursi_dbgi_008797_05.jpg;2574738.5;1097950.1;2,02505E+13;;;84009;positive;jbc
20262605_dbgi_009070_01;\2026\Defossez\Mazzarine\;\2026\Defossez\Mazzarine\20262605_dbgi_009070_01;dbgi_009070;SAMPLE;Mazzarine Laboureau;Leaf;1;0;Juniperus communis;0;DCIM/jbc/Juniperus communis_dbgi_009070_01.jpg;DCIM/jbc/Juniperus communis_dbgi_009070_02.jpg;DCIM/jbc/Juniperus communis_dbgi_009070_03.jpg;DCIM/jbc/Juniperus communis_dbgi_009070_04.jpg;DCIM/jbc/Juniperus communis_dbgi_009070_05.jpg;2574752;1097977.6;2,02507E+13;0009-0006-7011-4195;@mazzarinel;58039;positive;jbc
20262605_dbgi_009057_01;\2026\Defossez\Mazzarine\;\2026\Defossez\Mazzarine\20262605_dbgi_009057_01;dbgi_009057;SAMPLE;Mazzarine Laboureau;Leaf;1;0;Pinus cembra;0;DCIM/jbc/Pinus cembra_dbgi_009057_01.jpg;DCIM/jbc/Pinus cembra_dbgi_009057_02.jpg;DCIM/jbc/Pinus cembra_dbgi_009057_03.jpg;DCIM/jbc/Pinus cembra_dbgi_009057_04.jpg;DCIM/jbc/Pinus cembra_dbgi_009057_05.jpg;2574783.2;1097968.8;2,02507E+13;0009-0006-7011-4195;@mazzarinel;58041;positive;jbc
20262605_dbgi_008424_01;\2026\Defossez\Mazzarine\;\2026\Defossez\Mazzarine\20262605_dbgi_008424_01;dbgi_008424;SAMPLE;Mazzarine Laboureau;Leaf;1;0;Saxifraga paniculata;0;DCIM/jbc/Saxifraga paniculata_dbgi_008424_01.jpg;DCIM/jbc/Saxifraga paniculata_dbgi_008424_02.jpg;DCIM/jbc/Saxifraga paniculata_dbgi_008424_03.jpg;DCIM/jbc/Saxifraga paniculata_dbgi_008424_04.jpg;DCIM/jbc/Saxifraga paniculata_dbgi_008424_05.jpg;2574789.5;1097950.4;2,02506E+13;0009-0006-7011-4195;@mazzarinel;102734;positive;jbc
20262605_dbgi_006767_01;\2026\Defossez\Mazzarine\;\2026\Defossez\Mazzarine\20262605_dbgi_006767_01;dbgi_006767;SAMPLE;Émilie Lab;Leaf;1;0;Salix retusa;0;DCIM/jbc/Salix retusa_dbgi_006767_01.jpg;DCIM/jbc/Salix retusa_dbgi_006767_02.jpg;DCIM/jbc/Salix retusa_dbgi_006767_03.jpg;DCIM/jbc/Salix retusa_dbgi_006767_04.jpg;DCIM/jbc/Salix retusa_dbgi_006767_05.jpg;2574754.5;1097981.5;2,02506E+13;;;77066;positive;jbc
20262605_dbgi_008722_01;\2026\Defossez\Mazzarine\;\2026\Defossez\Mazzarine\20262605_dbgi_008722_01;dbgi_008722;SAMPLE;Mazzarine Laboureau;Leaf;1;0;Astrantia major;0;DCIM/jbc/Astrantia major_dbgi_008722_01.jpg;DCIM/jbc/Astrantia major_dbgi_008722_02.jpg;DCIM/jbc/Astrantia major_dbgi_008722_03.jpg;DCIM/jbc/Astrantia major_dbgi_008722_04.jpg;DCIM/jbc/Astrantia major_dbgi_008722_05.jpg;2574714.5;1097940.9;2,02505E+13;0009-0006-7011-4195;@mazzarinel;52448;positive;jbc
20262605_dbgi_006655_01;\2026\Defossez\Mazzarine\;\2026\Defossez\Mazzarine\20262605_dbgi_006655_01;dbgi_006655;SAMPLE;Émilie Lab;Leaf;1;0;Glechoma hederacea;0;DCIM/jbc/Glechoma hederacea_dbgi_006655_01.jpg;DCIM/jbc/Glechoma hederacea_dbgi_006655_02.jpg;DCIM/jbc/Glechoma hederacea_dbgi_006655_03.jpg;DCIM/jbc/Glechoma hederacea_dbgi_006655_04.jpg;DCIM/jbc/Glechoma hederacea_dbgi_006655_05.jpg;2574796.5;1097986.1;2,02506E+13;;;28509;positive;jbc
20262605_dbgi_008573_01;\2026\Defossez\Mazzarine\;\2026\Defossez\Mazzarine\20262605_dbgi_008573_01;dbgi_008573;SAMPLE;Mazzarine Laboureau;Leaf;1;0;Rhododendron ferrugineum;0;DCIM/jbc/Rhododendron ferrugineum_dbgi_008573_01.jpg;DCIM/jbc/Rhododendron ferrugineum_dbgi_008573_02.jpg;DCIM/jbc/Rhododendron ferrugineum_dbgi_008573_03.jpg;DCIM/jbc/Rhododendron ferrugineum_dbgi_008573_04.jpg;DCIM/jbc/Rhododendron ferrugineum_dbgi_008573_05.jpg;2574790.2;1097951;2,02506E+13;0009-0006-7011-4195;@mazzarinel;49622;positive;jbc
20262605_dbgi_006633_01;\2026\Defossez\Mazzarine\;\2026\Defossez\Mazzarine\20262605_dbgi_006633_01;dbgi_006633;SAMPLE;Émilie Lab;Leaf;1;0;Salix hastata;0;DCIM/jbc/Sali hastata_dbgi_006633_01.jpg;DCIM/jbc/Sali hastata_dbgi_006633_02.jpg;DCIM/jbc/Sali hastata_dbgi_006633_03.jpg;DCIM/jbc/Sali hastata_dbgi_006633_04.jpg;DCIM/jbc/Sali hastata_dbgi_006633_05.jpg;2574755.8;1097981.8;2,02506E+13;;;75710;positive;jbc
20262605_dbgi_006723_01;\2026\Defossez\Mazzarine\;\2026\Defossez\Mazzarine\20262605_dbgi_006723_01;dbgi_006723;SAMPLE;Émilie Lab;Leaf;1;0;Achillea millefolium;0;DCIM/jbc/Achillea millefolium_dbgi_006723_01.jpg;DCIM/jbc/Achillea millefolium_dbgi_006723_02.jpg;DCIM/jbc/Achillea millefolium_dbgi_006723_03.jpg;DCIM/jbc/Achillea millefolium_dbgi_006723_04.jpg;DCIM/jbc/Achillea millefolium_dbgi_006723_05.jpg;2574820.8;1097958.8;2,02506E+13;;;13329;positive;jbc
20262605_dbgi_008486_01;\2026\Defossez\Mazzarine\;\2026\Defossez\Mazzarine\20262605_dbgi_008486_01;dbgi_008486;SAMPLE;Émilie Lab;Leaf;1;0;Dryas octopetala;0;DCIM/jbc/Dryas octopetala_dbgi_008486_01.jpg;DCIM/jbc/Dryas octopetala_dbgi_008486_02.jpg;DCIM/jbc/Dryas octopetala_dbgi_008486_03.jpg;DCIM/jbc/Dryas octopetala_dbgi_008486_04.jpg;DCIM/jbc/Dryas octopetala_dbgi_008486_05.jpg;2574811.8;1097949.5;2,02506E+13;;;57948;positive;jbc
20262605_dbgi_009021_01;\2026\Defossez\Mazzarine\;\2026\Defossez\Mazzarine\20262605_dbgi_009021_01;dbgi_009021;SAMPLE;Mazzarine Laboureau;Leaf;1;0;Hieracium villosum;0;DCIM/jbc/Hieracium villosum_dbgi_009021_01.jpg;DCIM/jbc/Hieracium villosum_dbgi_009021_02.jpg;DCIM/jbc/Hieracium villosum_dbgi_009021_03.jpg;DCIM/jbc/Hieracium villosum_dbgi_009021_04.jpg;DCIM/jbc/Hieracium villosum_dbgi_009021_05.jpg;2574754.8;1097985;2,02507E+13;0009-0006-7011-4195;@mazzarinel;269347;positive;jbc
20262605_dbgi_006718_01;\2026\Defossez\Mazzarine\;\2026\Defossez\Mazzarine\20262605_dbgi_006718_01;dbgi_006718;SAMPLE;Mazzarine Laboureau;Leaf;1;0;Hieracium murorum;0;DCIM/jbc/Hieracium murorum_dbgi_006718_01.jpg;DCIM/jbc/Hieracium murorum_dbgi_006718_02.jpg;DCIM/jbc/Hieracium murorum_dbgi_006718_03.jpg;DCIM/jbc/Hieracium murorum_dbgi_006718_04.jpg;DCIM/jbc/Hieracium murorum_dbgi_006718_05.jpg;2574795.8;1097975.5;2,02507E+13;0009-0006-7011-4195;@mazzarinel;212671;positive;jbc
20262605_dbgi_004163_01;\2026\Defossez\Mazzarine\;\2026\Defossez\Mazzarine\20262605_dbgi_004163_01;dbgi_004163;SAMPLE;Mazzarine Laboureau;Leaf;1;0;Larix decidua;0;DCIM/jbc/Larix decidua_dbgi_004163_01.jpg;DCIM/jbc/Larix decidua_dbgi_004163_02.jpg;DCIM/jbc/Larix decidua_dbgi_004163_03.jpg;DCIM/jbc/Larix decidua_dbgi_004163_04.jpg;DCIM/jbc/Larix decidua_dbgi_004163_05.jpg;2574749;1097991;2,02506E+13;0009-0006-7011-4195;@mazzarinel;71402;positive;jbc
20262605_dbgi_009104_01;\2026\Defossez\Mazzarine\;\2026\Defossez\Mazzarine\20262605_dbgi_009104_01;dbgi_009104;SAMPLE;Mazzarine Laboureau;Leaf;1;0;Thymus serpyllum;0;DCIM/jbc/Thymus serphyllum_dbgi_009104_01.jpg;DCIM/jbc/Thymus serphyllum_dbgi_009104_02.jpg;DCIM/jbc/Thymus serphyllum_dbgi_009104_03.jpg;DCIM/jbc/Thymus serphyllum_dbgi_009104_04.jpg;DCIM/jbc/Thymus serphyllum_dbgi_009104_05.jpg;2574748;1097988.4;2,02507E+13;0009-0006-7011-4195;@mazzarinel;204219;positive;jbc
20262605_dbgi_004287_01;\2026\Defossez\Mazzarine\;\2026\Defossez\Mazzarine\20262605_dbgi_004287_01;dbgi_004287;SAMPLE;Émilie Lab;Leaf;1;0;Salix retusa;0;DCIM/jbc/Salix retusa_dbgi_004287_01.jpg;DCIM/jbc/Salix retusa_dbgi_004287_02.jpg;DCIM/jbc/Salix retusa_dbgi_004287_03.jpg;DCIM/jbc/Salix retusa_dbgi_004287_04.jpg;DCIM/jbc/Salix retusa_dbgi_004287_05.jpg;2574749.8;1097978.8;2,02506E+13;;;77066;positive;jbc
20262605_dbgi_007054_01;\2026\Defossez\Mazzarine\;\2026\Defossez\Mazzarine\20262605_dbgi_007054_01;dbgi_007054;SAMPLE;Mazzarine Laboureau;Leaf;1;0;Arnica montana;0;DCIM/jbc/Arnica montana_dbgi_007054_01.jpg;DCIM/jbc/Arnica montana_dbgi_007054_02.jpg;DCIM/jbc/Arnica montana_dbgi_007054_03.jpg;DCIM/jbc/Arnica montana_dbgi_007054_04.jpg;DCIM/jbc/Arnica montana_dbgi_007054_05.jpg;2574815.5;1097972.2;2,02507E+13;0009-0006-7011-4195;@mazzarinel;436207;positive;jbc
20262605_dbgi_006936_01;\2026\Defossez\Mazzarine\;\2026\Defossez\Mazzarine\20262605_dbgi_006936_01;dbgi_006936;SAMPLE;Émilie Lab;Leaf;1;0;Pinus cembra;0;DCIM/jbc/Pinus cembra_dbgi_006936_01.jpg;DCIM/jbc/Pinus cembra_dbgi_006936_02.jpg;DCIM/jbc/Pinus cembra_dbgi_006936_03.jpg;DCIM/jbc/Pinus cembra_dbgi_006936_04.jpg;DCIM/jbc/Pinus cembra_dbgi_006936_05.jpg;2574786.8;1097972.6;2,02507E+13;;;58041;positive;jbc
20262605_dbgi_009068_01;\2026\Defossez\Mazzarine\;\2026\Defossez\Mazzarine\20262605_dbgi_009068_01;dbgi_009068;SAMPLE;Mazzarine Laboureau;Leaf;1;0;Agrostis capillaris;0;DCIM/jbc/Agrostis capillaris_dbgi_009068_01.jpg;DCIM/jbc/Agrostis capillaris_dbgi_009068_02.jpg;DCIM/jbc/Agrostis capillaris_dbgi_009068_03.jpg;DCIM/jbc/Agrostis capillaris_dbgi_009068_04.jpg;DCIM/jbc/Agrostis capillaris_dbgi_009068_05.jpg;2574789;1097967;2,02507E+13;0009-0006-7011-4195;@mazzarinel;204232;positive;jbc
20262605_dbgi_006900_01;\2026\Defossez\Mazzarine\;\2026\Defossez\Mazzarine\20262605_dbgi_006900_01;dbgi_006900;SAMPLE;Émilie Lab;Leaf;1;0;Acer campestre;0;DCIM/jbc/Acer campestre_dbgi_006900_01.jpg;DCIM/jbc/Acer campestre_dbgi_006900_02.jpg;DCIM/jbc/Acer campestre_dbgi_006900_03.jpg;DCIM/jbc/Acer campestre_dbgi_006900_04.jpg;DCIM/jbc/Acer campestre_dbgi_006900_05.jpg;2574801;1097961;2,02506E+13;;;66205;positive;jbc
20262605_dbgi_008629_01;\2026\Defossez\Mazzarine\;\2026\Defossez\Mazzarine\20262605_dbgi_008629_01;dbgi_008629;SAMPLE;Mazzarine Laboureau;Leaf;1;0;Dryas octopetala;0;DCIM/jbc/Dryas octopetala_dbgi_008629_01.jpg;DCIM/jbc/Dryas octopetala_dbgi_008629_02.jpg;DCIM/jbc/Dryas octopetala_dbgi_008629_03.jpg;DCIM/jbc/Dryas octopetala_dbgi_008629_04.jpg;DCIM/jbc/Dryas octopetala_dbgi_008629_05.jpg;2574743.8;1097954.8;2,02505E+13;0009-0006-7011-4195;@mazzarinel;57948;positive;jbc
20262605_dbgi_009284_01;\2026\Defossez\Mazzarine\;\2026\Defossez\Mazzarine\20262605_dbgi_009284_01;dbgi_009284;SAMPLE;Mazzarine Laboureau;Leaf;1;0;Chamaenerion angustifolium;0;DCIM/jbc/Epilobium angustifolium_dbgi_009284_01.jpg;DCIM/jbc/Epilobium angustifolium_dbgi_009284_02.jpg;DCIM/jbc/Epilobium angustifolium_dbgi_009284_03.jpg;DCIM/jbc/Epilobium angustifolium_dbgi_009284_04.jpg;DCIM/jbc/Epilobium angustifolium_dbgi_009284_05.jpg;2574736.5;1097994.8;2,02507E+13;0009-0006-7011-4195;@mazzarinel;13055;positive;jbc
20262605_dbgi_008635_01;\2026\Defossez\Mazzarine\;\2026\Defossez\Mazzarine\20262605_dbgi_008635_01;dbgi_008635;SAMPLE;Emilie Lab;Leaf;1;0;Hippocrepis comosa;0;DCIM/jbc/Hippocrepis comosa_dbgi_008635_01.jpg;DCIM/jbc/Hippocrepis comosa_dbgi_008635_02.jpg;DCIM/jbc/Hippocrepis comosa_dbgi_008635_03.jpg;DCIM/jbc/Hippocrepis comosa_dbgi_008635_04.jpg;DCIM/jbc/Hippocrepis comosa_dbgi_008635_05.jpg;2574720.5;1097946.5;2,02505E+13;;@emilie29964;390710;positive;jbc
20262605_dbgi_008409_02_01;\2026\Defossez\Mazzarine\;\2026\Defossez\Mazzarine\20262605_dbgi_008409_02_01;dbgi_008409;SAMPLE;Émilie Lab;Leaf;0;0;Arctostaphylos uva-ursi;0;DCIM/jbc/Arctostaphylos uva-ursi_dbgi_008409_01.jpg;DCIM/jbc/Arctostaphylos uva-ursi_dbgi_008409_02.jpg;DCIM/jbc/Arctostaphylos uva-ursi_dbgi_008409_03.jpg;DCIM/jbc/Arctostaphylos uva-ursi_dbgi_008409_04.jpg;DCIM/jbc/Arctostaphylos uva-ursi_dbgi_008409_05.jpg;2574823.8;1097959.6;2,02507E+13;;;84009;positive;jbc
20262605_dbgi_008833_01;\2026\Defossez\Mazzarine\;\2026\Defossez\Mazzarine\20262605_dbgi_008833_01;dbgi_008833;SAMPLE;Emilie Lab;Leaf;1;0;Sempervivum tectorum;0;DCIM/jbc/Sempervirum tectorum_dbgi_008833_01.jpg;DCIM/jbc/Sempervirum tectorum_dbgi_008833_02.jpg;DCIM/jbc/Sempervirum tectorum_dbgi_008833_03.jpg;DCIM/jbc/Sempervirum tectorum_dbgi_008833_04.jpg;DCIM/jbc/Sempervirum tectorum_dbgi_008833_05.jpg;2574726.5;1097947.4;2,02505E+13;;@emilie29964;91155;positive;jbc
20262605_dbgi_009051_01;\2026\Defossez\Mazzarine\;\2026\Defossez\Mazzarine\20262605_dbgi_009051_01;dbgi_009051;SAMPLE;Mazzarine Laboureau;Leaf;1;0;Sempervivum tectorum;0;DCIM/jbc/Sempervivum tectorum_dbgi_009051_01.jpg;DCIM/jbc/Sempervivum tectorum_dbgi_009051_02.jpg;DCIM/jbc/Sempervivum tectorum_dbgi_009051_03.jpg;DCIM/jbc/Sempervivum tectorum_dbgi_009051_04.jpg;DCIM/jbc/Sempervivum tectorum_dbgi_009051_05.jpg;2574755;1097967.1;2,02507E+13;0009-0006-7011-4195;@mazzarinel;91155;positive;jbc
20262605_dbgi_009047_01;\2026\Defossez\Mazzarine\;\2026\Defossez\Mazzarine\20262605_dbgi_009047_01;dbgi_009047;SAMPLE;Mazzarine Laboureau;Leaf;1;0;Larix decidua;0;DCIM/jbc/Larix decidua_dbgi_009047_01.jpg;DCIM/jbc/Larix decidua_dbgi_009047_02.jpg;DCIM/jbc/Larix decidua_dbgi_009047_03.jpg;DCIM/jbc/Larix decidua_dbgi_009047_04.jpg;DCIM/jbc/Larix decidua_dbgi_009047_05.jpg;2574752.8;1097988.6;2,02507E+13;0009-0006-7011-4195;@mazzarinel;71402;positive;jbc
20262605_dbgi_006887_01;\2026\Defossez\Mazzarine\;\2026\Defossez\Mazzarine\20262605_dbgi_006887_01;dbgi_006887;SAMPLE;Mazzarine Laboureau;Leaf;1;0;Sempervivum tectorum;0;DCIM/jbc/Sempervivum tectorum_dbgi_006887_01.jpg;DCIM/jbc/Sempervivum tectorum_dbgi_006887_02.jpg;DCIM/jbc/Sempervivum tectorum_dbgi_006887_03.jpg;DCIM/jbc/Sempervivum tectorum_dbgi_006887_04.jpg;DCIM/jbc/Sempervivum tectorum_dbgi_006887_05.jpg;2574759.5;1097988.2;2,02506E+13;0009-0006-7011-4195;@mazzarinel;91155;positive;jbc
20262605_dbgi_009167_01;\2026\Defossez\Mazzarine\;\2026\Defossez\Mazzarine\20262605_dbgi_009167_01;dbgi_009167;SAMPLE;Mazzarine Laboureau;Leaf;1;0;Salix caprea;0;DCIM/jbc/Salix caprea_dbgi_009167_01.jpg;DCIM/jbc/Salix caprea_dbgi_009167_02.jpg;DCIM/jbc/Salix caprea_dbgi_009167_03.jpg;DCIM/jbc/Salix caprea_dbgi_009167_04.jpg;DCIM/jbc/Salix caprea_dbgi_009167_05.jpg;2574795.8;1097984.4;2,02507E+13;0009-0006-7011-4195;@mazzarinel;172267;positive;jbc
20262605_dbgi_006628_01;\2026\Defossez\Mazzarine\;\2026\Defossez\Mazzarine\20262605_dbgi_006628_01;dbgi_006628;SAMPLE;Émilie Lab;Leaf;1;0;Ranunculus acris;0;DCIM/jbc/Ranunculus acris_dbgi_006628_01.jpg;DCIM/jbc/Ranunculus acris_dbgi_006628_02.jpg;DCIM/jbc/Ranunculus acris_dbgi_006628_03.jpg;DCIM/jbc/Ranunculus acris_dbgi_006628_04.jpg;DCIM/jbc/Ranunculus acris_dbgi_006628_05.jpg;2574801.2;1097978.6;2,02506E+13;;;3447;positive;jbc
20262605_dbgi_006811_01;\2026\Defossez\Mazzarine\;\2026\Defossez\Mazzarine\20262605_dbgi_006811_01;dbgi_006811;SAMPLE;Émilie Lab;Leaf;1;0;Juniperus communis;0;DCIM/jbc/Juniperus communis_dbgi_006811_01.jpg;DCIM/jbc/Juniperus communis_dbgi_006811_02.jpg;DCIM/jbc/Juniperus communis_dbgi_006811_03.jpg;DCIM/jbc/Juniperus communis_dbgi_006811_04.jpg;DCIM/jbc/Juniperus communis_dbgi_006811_05.jpg;2574790;1097971.6;2,02507E+13;;;58039;positive;jbc
20262605_dbgi_009222_01;\2026\Defossez\Mazzarine\;\2026\Defossez\Mazzarine\20262605_dbgi_009222_01;dbgi_009222;SAMPLE;Mazzarine Laboureau;Leaf;1;0;Campanula rotundifolia;0;DCIM/jbc/Campanula rotundifolia_dbgi_009222_01.jpg;DCIM/jbc/Campanula rotundifolia_dbgi_009222_02.jpg;DCIM/jbc/Campanula rotundifolia_dbgi_009222_03.jpg;DCIM/jbc/Campanula rotundifolia_dbgi_009222_04.jpg;DCIM/jbc/Campanula rotundifolia_dbgi_009222_05.jpg;2574775.2;1097988;2,02507E+13;0009-0006-7011-4195;@mazzarinel;239422;positive;jbc
20262605_dbgi_004270_01;\2026\Defossez\Mazzarine\;\2026\Defossez\Mazzarine\20262605_dbgi_004270_01;dbgi_004270;SAMPLE;Émilie Lab;Leaf;1;0;Salix helvetica;0;DCIM/jbc/Salix helvetica_dbgi_004270_01.jpg;DCIM/jbc/Salix helvetica_dbgi_004270_02.jpg;DCIM/jbc/Salix helvetica_dbgi_004270_03.jpg;DCIM/jbc/Salix helvetica_dbgi_004270_04.jpg;DCIM/jbc/Salix helvetica_dbgi_004270_05.jpg;2574754;1097984.2;2,02506E+13;;;470273;positive;jbc
20262605_dbgi_007055_01;\2026\Defossez\Mazzarine\;\2026\Defossez\Mazzarine\20262605_dbgi_007055_01;dbgi_007055;SAMPLE;Mazzarine Laboureau;Leaf;1;0;Sempervivum tectorum;0;DCIM/jbc/Sempervivum tectorum_dbgi_007055_01.jpg;DCIM/jbc/Sempervivum tectorum_dbgi_007055_02.jpg;DCIM/jbc/Sempervivum tectorum_dbgi_007055_03.jpg;DCIM/jbc/Sempervivum tectorum_dbgi_007055_04.jpg;DCIM/jbc/Sempervivum tectorum_dbgi_007055_05.jpg;2574806.2;1097967.8;2,02507E+13;0009-0006-7011-4195;@mazzarinel;91155;positive;jbc
20262605_dbgi_009460_01;\2026\Defossez\Mazzarine\;\2026\Defossez\Mazzarine\20262605_dbgi_009460_01;dbgi_009460;SAMPLE;Émilie Lab;Leaf;1;0;Pinus mugo;0;DCIM/jbc/Pinus mugo_dbgi_009460_01.jpg;DCIM/jbc/Pinus mugo_dbgi_009460_02.jpg;DCIM/jbc/Pinus mugo_dbgi_009460_03.jpg;DCIM/jbc/Pinus mugo_dbgi_009460_04.jpg;DCIM/jbc/Pinus mugo_dbgi_009460_05.jpg;2574770.5;1097983.2;2,02508E+13;;;28528;positive;jbc
20262605_dbgi_001368_01;\2026\Defossez\Mazzarine\;\2026\Defossez\Mazzarine\20262605_dbgi_001368_01;dbgi_001368;SAMPLE;Mazzarine Laboureau;Leaf;1;0;Vaccinium myrtillus;0;DCIM/jbc/Vaccinium myrtillus_dbgi_001368_01.jpg;DCIM/jbc/Vaccinium myrtillus_dbgi_001368_02.jpg;DCIM/jbc/Vaccinium myrtillus_dbgi_001368_03.jpg;DCIM/jbc/Vaccinium myrtillus_dbgi_001368_04.jpg;DCIM/jbc/Vaccinium myrtillus_dbgi_001368_05.jpg;2574803.5;1097980.5;2,02507E+13;0009-0006-7011-4195;@mazzarinel;180763;positive;jbc
20262605_dbgi_009441_01;\2026\Defossez\Mazzarine\;\2026\Defossez\Mazzarine\20262605_dbgi_009441_01;dbgi_009441;SAMPLE;Émilie Lab;Leaf;1;0;Sempervivum tectorum;0;DCIM/jbc/Sempervivum tectorum_dbgi_009441_01.jpg;DCIM/jbc/Sempervivum tectorum_dbgi_009441_02.jpg;DCIM/jbc/Sempervivum tectorum_dbgi_009441_03.jpg;DCIM/jbc/Sempervivum tectorum_dbgi_009441_04.jpg;DCIM/jbc/Sempervivum tectorum_dbgi_009441_05.jpg;2574761;1097955.1;2,02508E+13;;;91155;positive;jbc
20262605_dbgi_006626_01;\2026\Defossez\Mazzarine\;\2026\Defossez\Mazzarine\20262605_dbgi_006626_01;dbgi_006626;SAMPLE;Émilie Lab;Leaf;1;0;Arrhenatherum elatius;0;DCIM/jbc/Arrhenatherum elatius_dbgi_006626_01.jpg;DCIM/jbc/Arrhenatherum elatius_dbgi_006626_02.jpg;DCIM/jbc/Arrhenatherum elatius_dbgi_006626_03.jpg;DCIM/jbc/Arrhenatherum elatius_dbgi_006626_04.jpg;DCIM/jbc/Arrhenatherum elatius_dbgi_006626_05.jpg;2574819.2;1097960.5;2,02506E+13;;;52139;positive;jbc
20262605_dbgi_008834_01;\2026\Defossez\Mazzarine\;\2026\Defossez\Mazzarine\20262605_dbgi_008834_01;dbgi_008834;SAMPLE;Emilie Lab;Leaf;1;0;Picea abies;0;DCIM/jbc/Picea abies_dbgi_008834_01.jpg;DCIM/jbc/Picea abies_dbgi_008834_02.jpg;DCIM/jbc/Picea abies_dbgi_008834_03.jpg;DCIM/jbc/Picea abies_dbgi_008834_04.jpg;DCIM/jbc/Picea abies_dbgi_008834_05.jpg;2574725.2;1097946.9;2,02505E+13;;@emilie29964;3329;positive;jbc
20262605_dbgi_009096_01;\2026\Defossez\Mazzarine\;\2026\Defossez\Mazzarine\20262605_dbgi_009096_01;dbgi_009096;SAMPLE;Mazzarine Laboureau;Leaf;1;0;Luzula alpinopilosa;0;DCIM/jbc/Luzula alpinopilosa_dbgi_009096_01.jpg;DCIM/jbc/Luzula alpinopilosa_dbgi_009096_02.jpg;DCIM/jbc/Luzula alpinopilosa_dbgi_009096_03.jpg;DCIM/jbc/Luzula alpinopilosa_dbgi_009096_04.jpg;DCIM/jbc/Luzula alpinopilosa_dbgi_009096_05.jpg;2574752.5;1097991;2,02507E+13;0009-0006-7011-4195;@mazzarinel;630085;positive;jbc
20262605_dbgi_009048_01;\2026\Defossez\Mazzarine\;\2026\Defossez\Mazzarine\20262605_dbgi_009048_01;dbgi_009048;SAMPLE;Mazzarine Laboureau;Leaf;1;0;Vaccinium myrtillus;0;DCIM/jbc/Vaccinium myrtillus_dbgi_009048_01.jpg;DCIM/jbc/Vaccinium myrtillus_dbgi_009048_02.jpg;DCIM/jbc/Vaccinium myrtillus_dbgi_009048_03.jpg;DCIM/jbc/Vaccinium myrtillus_dbgi_009048_04.jpg;DCIM/jbc/Vaccinium myrtillus_dbgi_009048_05.jpg;2574814.2;1097970.4;2,02507E+13;0009-0006-7011-4195;@mazzarinel;180763;positive;jbc
20262605_dbgi_008786_01;\2026\Defossez\Mazzarine\;\2026\Defossez\Mazzarine\20262605_dbgi_008786_01;dbgi_008786;SAMPLE;Mazzarine Laboureau;Leaf;1;0;Saxifraga paniculata;0;DCIM/jbc/Saxifraga paniculata_dbgi_008786_01.jpg;DCIM/jbc/Saxifraga paniculata_dbgi_008786_02.jpg;DCIM/jbc/Saxifraga paniculata_dbgi_008786_03.jpg;DCIM/jbc/Saxifraga paniculata_dbgi_008786_04.jpg;DCIM/jbc/Saxifraga paniculata_dbgi_008786_05.jpg;2574751.5;1097938.1;2,02505E+13;0009-0006-7011-4195;@mazzarinel;102734;positive;jbc
20262605_dbgi_006663_01;\2026\Defossez\Mazzarine\;\2026\Defossez\Mazzarine\20262605_dbgi_006663_01;dbgi_006663;SAMPLE;Émilie Lab;Leaf;1;0;Plantago lanceolata;0;DCIM/jbc/Plantago lanceolata_dbgi_006663_01.jpg;DCIM/jbc/Plantago lanceolata_dbgi_006663_02.jpg;DCIM/jbc/Plantago lanceolata_dbgi_006663_03.jpg;DCIM/jbc/Plantago lanceolata_dbgi_006663_04.jpg;DCIM/jbc/Plantago lanceolata_dbgi_006663_05.jpg;2574800.5;1097982;2,02506E+13;;;39414;positive;jbc
20262605_dbgi_009309_01;\2026\Defossez\Mazzarine\;\2026\Defossez\Mazzarine\20262605_dbgi_009309_01;dbgi_009309;SAMPLE;Mazzarine Laboureau;Leaf;1;0;Salix hastata;0;DCIM/jbc/Salix hastata_dbgi_009309_01.jpg;DCIM/jbc/Salix hastata_dbgi_009309_02.jpg;DCIM/jbc/Salix hastata_dbgi_009309_03.jpg;DCIM/jbc/Salix hastata_dbgi_009309_04.jpg;DCIM/jbc/Salix hastata_dbgi_009309_05.jpg;2574752.8;1097988.6;2,02507E+13;0009-0006-7011-4195;@mazzarinel;75710;positive;jbc
20262605_dbgi_006603_01;\2026\Defossez\Mazzarine\;\2026\Defossez\Mazzarine\20262605_dbgi_006603_01;dbgi_006603;SAMPLE;Mazzarine Laboureau;Leaf;1;0;Sedum rupestre;0;DCIM/jbc/Sedum rupestre_dbgi_006603_01.jpg;DCIM/jbc/Sedum rupestre_dbgi_006603_02.jpg;DCIM/jbc/Sedum rupestre_dbgi_006603_03.jpg;DCIM/jbc/Sedum rupestre_dbgi_006603_04.jpg;DCIM/jbc/Sedum rupestre_dbgi_006603_05.jpg;2574773.5;1097967.9;2,02507E+13;0009-0006-7011-4195;@mazzarinel;91145;positive;jbc
20262605_dbgi_009059_01;\2026\Defossez\Mazzarine\;\2026\Defossez\Mazzarine\20262605_dbgi_009059_01;dbgi_009059;SAMPLE;Mazzarine Laboureau;Leaf;1;1;Rhododendron ferrugineum;0;DCIM/jbc/Rhododendron ferrugineum_dbgi_009059_01.jpg;DCIM/jbc/Rhododendron ferrugineum_dbgi_009059_02.jpg;DCIM/jbc/Rhododendron ferrugineum_dbgi_009059_03.jpg;DCIM/jbc/Rhododendron ferrugineum_dbgi_009059_04.jpg;DCIM/jbc/Rhododendron ferrugineum_dbgi_009059_05.jpg;2574795;1097959.5;2,02507E+13;0009-0006-7011-4195;@mazzarinel;49622;positive;jbc
20262605_dbgi_006648_01;\2026\Defossez\Mazzarine\;\2026\Defossez\Mazzarine\20262605_dbgi_006648_01;dbgi_006648;SAMPLE;Mazzarine Laboureau;Leaf;1;0;Cornus sanguinea;0;DCIM/jbc/Cornus sanguinea_dbgi_006648_01.jpg;DCIM/jbc/Cornus sanguinea_dbgi_006648_02.jpg;DCIM/jbc/Cornus sanguinea_dbgi_006648_03.jpg;DCIM/jbc/Cornus sanguinea_dbgi_006648_04.jpg;DCIM/jbc/Cornus sanguinea_dbgi_006648_05.jpg;2574812.5;1097971.9;2,02506E+13;0009-0006-7011-4195;@mazzarinel;367354;positive;jbc
20262605_dbgi_007048_01;\2026\Defossez\Mazzarine\;\2026\Defossez\Mazzarine\20262605_dbgi_007048_01;dbgi_007048;SAMPLE;Mazzarine Laboureau;Leaf;1;0;Sorbus aucuparia;0;DCIM/jbc/Sorbus aucuparia_dbgi_007048_01.jpg;DCIM/jbc/Sorbus aucuparia_dbgi_007048_02.jpg;DCIM/jbc/Sorbus aucuparia_dbgi_007048_03.jpg;DCIM/jbc/Sorbus aucuparia_dbgi_007048_04.jpg;DCIM/jbc/Sorbus aucuparia_dbgi_007048_05.jpg;2574817;1097972.4;2,02507E+13;0009-0006-7011-4195;@mazzarinel;36599;positive;jbc
20262605_dbgi_008838_01;\2026\Defossez\Mazzarine\;\2026\Defossez\Mazzarine\20262605_dbgi_008838_01;dbgi_008838;SAMPLE;Émilie Lab;Leaf;1;0;Sempervivum tectorum;0;DCIM/jbc/Sempervivum tectorum_dbgi_008838_01.jpg;DCIM/jbc/Sempervivum tectorum_dbgi_008838_02.jpg;DCIM/jbc/Sempervivum tectorum_dbgi_008838_03.jpg;DCIM/jbc/Sempervivum tectorum_dbgi_008838_04.jpg;DCIM/jbc/Sempervivum tectorum_dbgi_008838_05.jpg;2574756.5;1097954.9;2,02505E+13;;;91155;positive;jbc
20262605_dbgi_009197_01;\2026\Defossez\Mazzarine\;\2026\Defossez\Mazzarine\20262605_dbgi_009197_01;dbgi_009197;SAMPLE;Émilie Lab;Leaf;1;0;Thymus serpyllum;0;DCIM/jbc/Thymus serpyllum_dbgi_009197_01.jpg;DCIM/jbc/Thymus serpyllum_dbgi_009197_02.jpg;DCIM/jbc/Thymus serpyllum_dbgi_009197_03.jpg;DCIM/jbc/Thymus serpyllum_dbgi_009197_04.jpg;DCIM/jbc/Thymus serpyllum_dbgi_009197_05.jpg;2574778.8;1097990.9;2,02507E+13;;;204219;positive;jbc
20262605_dbgi_009082_01;\2026\Defossez\Mazzarine\;\2026\Defossez\Mazzarine\20262605_dbgi_009082_01;dbgi_009082;SAMPLE;Émilie Lab;Leaf;1;0;Saxifraga apiculata;0;DCIM/jbc/Saxifraga apiculata_dbgi_009082_01.jpg;DCIM/jbc/Saxifraga apiculata_dbgi_009082_02.jpg;DCIM/jbc/Saxifraga apiculata_dbgi_009082_03.jpg;DCIM/jbc/Saxifraga apiculata_dbgi_009082_04.jpg;DCIM/jbc/Saxifraga apiculata_dbgi_009082_05.jpg;2574772.2;1097963.6;2,02507E+13;;;3798;positive;jbc
20262605_dbgi_008384_01;\2026\Defossez\Mazzarine\;\2026\Defossez\Mazzarine\20262605_dbgi_008384_01;dbgi_008384;SAMPLE;Émilie Lab;Leaf;1;0;Astrantia major;0;DCIM/jbc/Astrantia major_dbgi_008384_01.jpg;DCIM/jbc/Astrantia major_dbgi_008384_02.jpg;DCIM/jbc/Astrantia major_dbgi_008384_03.jpg;DCIM/jbc/Astrantia major_dbgi_008384_04.jpg;DCIM/jbc/Astrantia major_dbgi_008384_05.jpg;2574812.2;1097952.2;2,02507E+13;;;52448;positive;jbc
20262605_dbgi_008419_01;\2026\Defossez\Mazzarine\;\2026\Defossez\Mazzarine\20262605_dbgi_008419_01;dbgi_008419;SAMPLE;Émilie Lab;Leaf;1;0;Aegopodium podagraria;0;DCIM/jbc/Aegopodium podagraria_dbgi_008419_01.jpg;DCIM/jbc/Aegopodium podagraria_dbgi_008419_02.jpg;DCIM/jbc/Aegopodium podagraria_dbgi_008419_03.jpg;DCIM/jbc/Aegopodium podagraria_dbgi_008419_04.jpg;DCIM/jbc/Aegopodium podagraria_dbgi_008419_05.jpg;2574823;1097950.9;2,02506E+13;;;40902;positive;jbc
20262605_dbgi_009033_01;\2026\Defossez\Mazzarine\;\2026\Defossez\Mazzarine\20262605_dbgi_009033_01;dbgi_009033;SAMPLE;Mazzarine Laboureau;Leaf;1;0;Veronica fruticans;0;DCIM/jbc/Veronica fruticans_dbgi_009033_01.jpg;DCIM/jbc/Veronica fruticans_dbgi_009033_02.jpg;DCIM/jbc/Veronica fruticans_dbgi_009033_03.jpg;DCIM/jbc/Veronica fruticans_dbgi_009033_04.jpg;DCIM/jbc/Veronica fruticans_dbgi_009033_05.jpg;2574748.2;1097956.5;2,02507E+13;0009-0006-7011-4195;@mazzarinel;207273;positive;jbc
20262605_dbgi_008432_01;\2026\Defossez\Mazzarine\;\2026\Defossez\Mazzarine\20262605_dbgi_008432_01;dbgi_008432;SAMPLE;Émilie Lab;Leaf;1;0;Vaccinium vitis-idaea;0;DCIM/jbc/Vaccinium vitis-idaea_dbgi_008432_01.jpg;DCIM/jbc/Vaccinium vitis-idaea_dbgi_008432_02.jpg;DCIM/jbc/Vaccinium vitis-idaea_dbgi_008432_03.jpg;DCIM/jbc/Vaccinium vitis-idaea_dbgi_008432_04.jpg;DCIM/jbc/Vaccinium vitis-idaea_dbgi_008432_05.jpg;2574823.8;1097956.2;2,02507E+13;;;180772;positive;jbc
20262605_dbgi_007126_01;\2026\Defossez\Mazzarine\;\2026\Defossez\Mazzarine\20262605_dbgi_007126_01;dbgi_007126;SAMPLE;Émilie Lab;Leaf;1;0;Saxifraga paniculata;0;DCIM/jbc/Saxifraga paniculata_dbgi_007126_01.jpg;DCIM/jbc/Saxifraga paniculata_dbgi_007126_02.jpg;DCIM/jbc/Saxifraga paniculata_dbgi_007126_03.jpg;DCIM/jbc/Saxifraga paniculata_dbgi_007126_04.jpg;DCIM/jbc/Saxifraga paniculata_dbgi_007126_05.jpg;2574751.2;1097956.6;2,02505E+13;;;102734;positive;jbc
20262605_dbgi_009488_01;\2026\Defossez\Mazzarine\;\2026\Defossez\Mazzarine\20262605_dbgi_009488_01;dbgi_009488;SAMPLE;Émilie Lab;Leaf;1;0;Salix reticulata;0;DCIM/jbc/Salix reticulata_dbgi_009488_01.jpg;DCIM/jbc/Salix reticulata_dbgi_009488_02.jpg;DCIM/jbc/Salix reticulata_dbgi_009488_03.jpg;DCIM/jbc/Salix reticulata_dbgi_009488_04.jpg;DCIM/jbc/Salix reticulata_dbgi_009488_05.jpg;2574768.2;1097949.5;2,02508E+13;;;75717;positive;jbc
20262605_dbgi_009058_01;\2026\Defossez\Mazzarine\;\2026\Defossez\Mazzarine\20262605_dbgi_009058_01;dbgi_009058;SAMPLE;Émilie Lab;Leaf;1;0;Rhododendron ferrugineum;0;DCIM/jbc/Rhododendron ferrugineum_dbgi_009058_01.jpg;DCIM/jbc/Rhododendron ferrugineum_dbgi_009058_02.jpg;DCIM/jbc/Rhododendron ferrugineum_dbgi_009058_03.jpg;DCIM/jbc/Rhododendron ferrugineum_dbgi_009058_04.jpg;DCIM/jbc/Rhododendron ferrugineum_dbgi_009058_05.jpg;2574774.8;1097963.8;2,02507E+13;;;49622;positive;jbc
20262605_dbgi_009313_01;\2026\Defossez\Mazzarine\;\2026\Defossez\Mazzarine\20262605_dbgi_009313_01;dbgi_009313;SAMPLE;Mazzarine Laboureau;Leaf;1;0;Thymus serpyllum;0;DCIM/jbc/Thymus serpyllum_dbgi_009313_01.jpg;DCIM/jbc/Thymus serpyllum_dbgi_009313_02.jpg;DCIM/jbc/Thymus serpyllum_dbgi_009313_03.jpg;DCIM/jbc/Thymus serpyllum_dbgi_009313_04.jpg;DCIM/jbc/Thymus serpyllum_dbgi_009313_05.jpg;2574772.5;1097987.2;2,02507E+13;0009-0006-7011-4195;@mazzarinel;204219;positive;jbc
20262605_dbgi_009461_01;\2026\Defossez\Mazzarine\;\2026\Defossez\Mazzarine\20262605_dbgi_009461_01;dbgi_009461;SAMPLE;Mazzarine Laboureau;Leaf;1;0;Saxifraga paniculata;0;DCIM/jbc/Saxifraga paniculata_dbgi_009461_01.jpg;DCIM/jbc/Saxifraga paniculata_dbgi_009461_02.jpg;DCIM/jbc/Saxifraga paniculata_dbgi_009461_03.jpg;DCIM/jbc/Saxifraga paniculata_dbgi_009461_04.jpg;DCIM/jbc/Saxifraga paniculata_dbgi_009461_05.jpg;2574771;1097961.8;2,02508E+13;0009-0006-7011-4195;@mazzarinel;102734;positive;jbc
20262605_dbgi_007080_01;\2026\Defossez\Mazzarine\;\2026\Defossez\Mazzarine\20262605_dbgi_007080_01;dbgi_007080;SAMPLE;Mazzarine Laboureau;Leaf;1;0;Campanula barbata;0;DCIM/jbc/Campanula barbata_dbgi_007080_01.jpg;DCIM/jbc/Campanula barbata_dbgi_007080_02.jpg;DCIM/jbc/Campanula barbata_dbgi_007080_03.jpg;DCIM/jbc/Campanula barbata_dbgi_007080_04.jpg;DCIM/jbc/Campanula barbata_dbgi_007080_05.jpg;2574818.2;1097978.5;2,02507E+13;0009-0006-7011-4195;@mazzarinel;239399;positive;jbc
20262605_dbgi_009094_01;\2026\Defossez\Mazzarine\;\2026\Defossez\Mazzarine\20262605_dbgi_009094_01;dbgi_009094;SAMPLE;Mazzarine Laboureau;Leaf;1;0;Leontodon hispidus;0;DCIM/jbc/Leontodon hispidus_dbgi_009094_01.jpg;DCIM/jbc/Leontodon hispidus_dbgi_009094_02.jpg;DCIM/jbc/Leontodon hispidus_dbgi_009094_03.jpg;DCIM/jbc/Leontodon hispidus_dbgi_009094_04.jpg;DCIM/jbc/Leontodon hispidus_dbgi_009094_05.jpg;2574747.2;1097987.8;2,02507E+13;0009-0006-7011-4195;@mazzarinel;58660;positive;jbc
20262605_dbgi_004291_01;\2026\Defossez\Mazzarine\;\2026\Defossez\Mazzarine\20262605_dbgi_004291_01;dbgi_004291;SAMPLE;Mazzarine Laboureau;Leaf;1;0;Scabiosa lucida;0;DCIM/jbc/Scabiosa lucida_dbgi_004291_01.jpg;DCIM/jbc/Scabiosa lucida_dbgi_004291_02.jpg;DCIM/jbc/Scabiosa lucida_dbgi_004291_03.jpg;DCIM/jbc/Scabiosa lucida_dbgi_004291_04.jpg;DCIM/jbc/Scabiosa lucida_dbgi_004291_05.jpg;2574746.8;1097979.9;2,02506E+13;0009-0006-7011-4195;@mazzarinel;467601;positive;jbc
20262605_dbgi_008601_01;\2026\Defossez\Mazzarine\;\2026\Defossez\Mazzarine\20262605_dbgi_008601_01;dbgi_008601;SAMPLE;Émilie Lab;Leaf;1;0;Sempervivum tectorum;0;DCIM/jbc/Sempervivum tectorum_dbgi_008601_01.jpg;DCIM/jbc/Sempervivum tectorum_dbgi_008601_02.jpg;DCIM/jbc/Sempervivum tectorum_dbgi_008601_03.jpg;DCIM/jbc/Sempervivum tectorum_dbgi_008601_04.jpg;DCIM/jbc/Sempervivum tectorum_dbgi_008601_05.jpg;2574755.2;1097971.2;2,02505E+13;;;91155;positive;jbc
20262605_dbgi_009251_01;\2026\Defossez\Mazzarine\;\2026\Defossez\Mazzarine\20262605_dbgi_009251_01;dbgi_009251;SAMPLE;Mazzarine Laboureau;Leaf;1;0;Achillea millefolium;0;DCIM/jbc/Achillea millefolium_dbgi_009251_01.jpg;DCIM/jbc/Achillea millefolium_dbgi_009251_02.jpg;DCIM/jbc/Achillea millefolium_dbgi_009251_03.jpg;DCIM/jbc/Achillea millefolium_dbgi_009251_04.jpg;DCIM/jbc/Achillea millefolium_dbgi_009251_05.jpg;2574772;1097988.2;2,02507E+13;0009-0006-7011-4195;@mazzarinel;13329;positive;jbc
20262605_dbgi_009142_01;\2026\Defossez\Mazzarine\;\2026\Defossez\Mazzarine\20262605_dbgi_009142_01;dbgi_009142;SAMPLE;Mazzarine Laboureau;Leaf;1;0;Saxifraga cuneifolia;0;DCIM/jbc/Saxifraga cuneifolia_dbgi_009142_01.jpg;DCIM/jbc/Saxifraga cuneifolia_dbgi_009142_02.jpg;DCIM/jbc/Saxifraga cuneifolia_dbgi_009142_03.jpg;DCIM/jbc/Saxifraga cuneifolia_dbgi_009142_04.jpg;DCIM/jbc/Saxifraga cuneifolia_dbgi_009142_05.jpg;2574775.8;1097988.8;2,02507E+13;0009-0006-7011-4195;@mazzarinel;102722;positive;jbc
20262605_dbgi_008789_01;\2026\Defossez\Mazzarine\;\2026\Defossez\Mazzarine\20262605_dbgi_008789_01;dbgi_008789;SAMPLE;Mazzarine Laboureau;Leaf;1;0;Prunus avium;0;DCIM/jbc/Prunus avium_dbgi_008789_01.jpg;DCIM/jbc/Prunus avium_dbgi_008789_02.jpg;DCIM/jbc/Pr_dbgi_008789_03.jpg;DCIM/jbc/Pr_dbgi_008789_04.jpg;DCIM/jbc/Prunus avium_dbgi_008789_05.jpg;2574790.5;1097944.6;2,02505E+13;0009-0006-7011-4195;@mazzarinel;42229;positive;jbc
20262605_dbgi_006607_01;\2026\Defossez\Mazzarine\;\2026\Defossez\Mazzarine\20262605_dbgi_006607_01;dbgi_006607;SAMPLE;Mazzarine Laboureau;Leaf;1;0;Thymus serpyllum;0;DCIM/jbc/Thymus serpyllum_dbgi_006607_01.jpg;DCIM/jbc/Thymus serpyllum_dbgi_006607_02.jpg;DCIM/jbc/Thymus serpyllum_dbgi_006607_03.jpg;DCIM/jbc/Thymus serpyllum_dbgi_006607_04.jpg;DCIM/jbc/Thymus serpyllum_dbgi_006607_05.jpg;2574742.2;1097991;2,02506E+13;0009-0006-7011-4195;@mazzarinel;204219;positive;jbc
20262605_dbgi_009023_01;\2026\Defossez\Mazzarine\;\2026\Defossez\Mazzarine\20262605_dbgi_009023_01;dbgi_009023;SAMPLE;Mazzarine Laboureau;Leaf;1;0;Sempervivum montanum;0;DCIM/jbc/Sempervivum montanum_dbgi_009023_01.jpg;DCIM/jbc/Sempervivum montanum_dbgi_009023_02.jpg;DCIM/jbc/Sempervivum montanum_dbgi_009023_03.jpg;DCIM/jbc/Sempervivum montanum_dbgi_009023_04.jpg;DCIM/jbc/Sempervivum montanum_dbgi_009023_05.jpg;2574757.2;1097970;2,02507E+13;0009-0006-7011-4195;@mazzarinel;1239926;positive;jbc
20262605_dbgi_008778_01;\2026\Defossez\Mazzarine\;\2026\Defossez\Mazzarine\20262605_dbgi_008778_01;dbgi_008778;SAMPLE;Alexandra Slotte;Leaf;1;0;Rhododendron ferrugineum;0;DCIM/jbc/Rhododendron ferrugineum_dbgi_008778_01.jpg;DCIM/jbc/Rhododendron ferrugineum_dbgi_008778_02.jpg;DCIM/jbc/Rhododendron ferrugineum_dbgi_008778_03.jpg;DCIM/jbc/Rhododendron ferrugineum_dbgi_008778_04.jpg;DCIM/jbc/Rhododendron ferrugineum_dbgi_008778_05.jpg;2574727.5;1097948.4;2,02505E+13;;;49622;positive;jbc
20262605_dbgi_007053_01;\2026\Defossez\Mazzarine\;\2026\Defossez\Mazzarine\20262605_dbgi_007053_01;dbgi_007053;SAMPLE;Mazzarine Laboureau;Leaf;1;0;Vaccinium vitis-idaea;0;DCIM/jbc/Vaccinium vitis-idaea_dbgi_007053_01.jpg;DCIM/jbc/Vaccinium vitis-idaea_dbgi_007053_02.jpg;DCIM/jbc/Vaccinium vitis-idaea_dbgi_007053_03.jpg;DCIM/jbc/Vaccinium vitis-idaea_dbgi_007053_04.jpg;DCIM/jbc/Vaccinium vitis-idaea_dbgi_007053_05.jpg;2574811;1097969.2;2,02507E+13;0009-0006-7011-4195;@mazzarinel;180772;positive;jbc
20262605_dbgi_009299_01;\2026\Defossez\Mazzarine\;\2026\Defossez\Mazzarine\20262605_dbgi_009299_01;dbgi_009299;SAMPLE;Mazzarine Laboureau;Leaf;1;0;Saxifraga paniculata;0;DCIM/jbc/Saxifraga paniculata_dbgi_009299_01.jpg;DCIM/jbc/Saxifraga paniculata_dbgi_009299_02.jpg;DCIM/jbc/Saxifraga paniculata_dbgi_009299_03.jpg;DCIM/jbc/Saxifraga paniculata_dbgi_009299_04.jpg;DCIM/jbc/Saxifraga paniculata_dbgi_009299_05.jpg;2574775.8;1097965.9;2,02507E+13;0009-0006-7011-4195;@mazzarinel;102734;positive;jbc
20262605_dbgi_007061_01;\2026\Defossez\Mazzarine\;\2026\Defossez\Mazzarine\20262605_dbgi_007061_01;dbgi_007061;SAMPLE;Mazzarine Laboureau;Leaf;1;0;Iris missouriensis;0;DCIM/jbc/Iris missouriensis_dbgi_007061_01.jpg;DCIM/jbc/Iris missouriensis_dbgi_007061_02.jpg;DCIM/jbc/Iris missouriensis_dbgi_007061_03.jpg;DCIM/jbc/Iris missouriensis_dbgi_007061_04.jpg;DCIM/jbc/Iris missouriensis_dbgi_007061_05.jpg;2574800.8;1097963;2,02507E+13;0009-0006-7011-4195;@mazzarinel;207932;positive;jbc
20262605_dbgi_008811_01;\2026\Defossez\Mazzarine\;\2026\Defossez\Mazzarine\20262605_dbgi_008811_01;dbgi_008811;SAMPLE;Mazzarine Laboureau;Leaf;0;0;Juniperus communis;0;DCIM/jbc/Juniperus communis_dbgi_008804_01.jpg;DCIM/jbc/Juniperus communis_dbgi_008804_02.jpg;DCIM/jbc/Juniperus communis_dbgi_008804_03.jpg;DCIM/jbc/Juniperus communis_dbgi_008804_04.jpg;DCIM/jbc/Juniperus communis_dbgi_008804_05.jpg;2574771.5;1097946.1;2,02505E+13;;;58039;positive;jbc
20262605_dbgi_009246_01;\2026\Defossez\Mazzarine\;\2026\Defossez\Mazzarine\20262605_dbgi_009246_01;dbgi_009246;SAMPLE;Mazzarine Laboureau;Leaf;1;0;Saxifraga apiculata;0;DCIM/jbc/Saxifraga apiculata_dbgi_009246_01.jpg;DCIM/jbc/Saxifraga apiculata_dbgi_009246_02.jpg;DCIM/jbc/Saxifraga apiculata_dbgi_009246_03.jpg;DCIM/jbc/Saxifraga apiculata_dbgi_009246_04.jpg;DCIM/jbc/Saxifraga apiculata_dbgi_009246_05.jpg;2574768.8;1097991.1;2,02507E+13;0009-0006-7011-4195;@mazzarinel;3798;positive;jbc
20262605_dbgi_006878_01;\2026\Defossez\Mazzarine\;\2026\Defossez\Mazzarine\20262605_dbgi_006878_01;dbgi_006878;SAMPLE;Mazzarine Laboureau;Leaf;1;0;Hieracium murorum;0;DCIM/jbc/Hieracium murorum_dbgi_006878_01.jpg;DCIM/jbc/Hieracium murorum_dbgi_006878_02.jpg;DCIM/jbc/Hieracium murorum_dbgi_006878_03.jpg;DCIM/jbc/Hieracium murorum_dbgi_006878_04.jpg;DCIM/jbc/Hieracium murorum_dbgi_006878_05.jpg;2574754.2;1097963.5;2,02505E+13;0009-0006-7011-4195;@mazzarinel;212671;positive;jbc
20261303_Mazz_Sample_dbgi_008506_02_01;\2026\Defossez\Mazzarine\;\2026\Defossez\Mazzarine\20261303_Mazz_Sample_dbgi_008506_02_01;dbgi_008506;SAMPLE;Mazzarine Laboureau;Leaf;1;0;Satureja montana;0;DCIM/jbc/Satureja montana_dbgi_008506_01.jpg;DCIM/jbc/Satureja montana_dbgi_008506_02.jpg;DCIM/jbc/Satureja montana_dbgi_008506_03.jpg;DCIM/jbc/Satureja montana_dbgi_008506_04.jpg;DCIM/jbc/Satureja montana_dbgi_008506_05.jpg;2574821.5;1097957;2,02507E+13;0009-0006-7011-4195;@mazzarinel;49988;positive;jbc
20261303_Mazz_Sample_dbgi_008498_02_01;\2026\Defossez\Mazzarine\;\2026\Defossez\Mazzarine\20261303_Mazz_Sample_dbgi_008498_02_01;dbgi_008498;SAMPLE;Émilie Lab;Leaf;1;0;Dracocephalum officinale;0;DCIM/jbc/Hyssopus officinalis_dbgi_008498_01.jpg;DCIM/jbc/Hyssopus officinalis_dbgi_008498_02.jpg;DCIM/jbc/Hyssopus officinalis_dbgi_008498_03.jpg;DCIM/jbc/Hyssopus officinalis_dbgi_008498_04.jpg;DCIM/jbc/Hyssopus officinalis_dbgi_008498_05.jpg;2574824.8;1097959.4;2,02507E+13;NA;NA;39324;positive;jbc
20261303_Mazz_Sample_dbgi_008417_01;\2026\Defossez\Mazzarine\;\2026\Defossez\Mazzarine\20261303_Mazz_Sample_dbgi_008417_01;dbgi_008417;SAMPLE;Émilie Lab;Leaf;1;0;Viola riviniana;0;DCIM/jbc/Viola riviniana_dbgi_008417_01.jpg;DCIM/jbc/Viola riviniana_dbgi_008417_02.jpg;DCIM/jbc/Viola riviniana_dbgi_008417_03.jpg;DCIM/jbc/Viola riviniana_dbgi_008417_04.jpg;DCIM/jbc/Viola riviniana_dbgi_008417_05.jpg;2574820.8;1097959.2;2,02507E+13;NA;NA;214052;positive;jbc
20261203_Mazz_Sample_dbgi_008485_02_01;\2026\Defossez\Mazzarine\;\2026\Defossez\Mazzarine\20261203_Mazz_Sample_dbgi_008485_02_01;dbgi_008485;SAMPLE;Émilie Lab;Leaf;0;0;Vaccinium myrtillus;0;DCIM/jbc/Vaccinium myrtillus_dbgi_008485_01.jpg;DCIM/jbc/Vaccinium myrtillus_dbgi_008485_02.jpg;DCIM/jbc/Vaccinium myrtillus_dbgi_008485_03.jpg;DCIM/jbc/Vaccinium myrtillus_dbgi_008485_04.jpg;DCIM/jbc/Vaccinium myrtillus_dbgi_008485_05.jpg;2574823.8;1097955.6;2,02507E+13;NA;NA;180763;positive;jbc
20261203_Mazz_Sample_dbgi_008485_01;\2026\Defossez\Mazzarine\;\2026\Defossez\Mazzarine\20261203_Mazz_Sample_dbgi_008485_01;dbgi_008485;SAMPLE;Émilie Lab;Leaf;0;0;Vaccinium myrtillus;0;DCIM/jbc/Vaccinium myrtillus_dbgi_008485_01.jpg;DCIM/jbc/Vaccinium myrtillus_dbgi_008485_02.jpg;DCIM/jbc/Vaccinium myrtillus_dbgi_008485_03.jpg;DCIM/jbc/Vaccinium myrtillus_dbgi_008485_04.jpg;DCIM/jbc/Vaccinium myrtillus_dbgi_008485_05.jpg;2574823.8;1097955.6;2,02507E+13;NA;NA;180763;positive;jbc
20261203_Mazz_Sample_dbgi_008482_01;\2026\Defossez\Mazzarine\;\2026\Defossez\Mazzarine\20261203_Mazz_Sample_dbgi_008482_01;dbgi_008482;SAMPLE;Mazzarine Laboureau;Leaf;1;0;Solanum tuberosum;1;DCIM/jbc/Solanum tuberosum_dbgi_008482_01.jpg;DCIM/jbc/Solanum tuberosum_dbgi_008482_02.jpg;DCIM/jbc/Solanum tuberosum_dbgi_008482_03.jpg;DCIM/jbc/Solanum tuberosum_dbgi_008482_04.jpg;DCIM/jbc/Solanum tuberosum_dbgi_008482_05.jpg;2574817.2;1097960.4;2,02507E+13;0009-0006-7011-4195;@mazzarinel;4113;positive;jbc
20261203_Mazz_Sample_dbgi_008480_01;\2026\Defossez\Mazzarine\;\2026\Defossez\Mazzarine\20261203_Mazz_Sample_dbgi_008480_01;dbgi_008480;SAMPLE;Mazzarine Laboureau;Leaf;1;0;Pinus mugo;0;DCIM/jbc/Pinus mugo_dbgi_008480_01.jpg;DCIM/jbc/Pinus mugo_dbgi_008480_02.jpg;DCIM/jbc/Pinus mugo_dbgi_008480_03.jpg;DCIM/jbc/Pinus mugo_dbgi_008480_04.jpg;DCIM/jbc/Pinus mugo_dbgi_008480_05.jpg;2574811.2;1097957.8;2,02507E+13;0009-0006-7011-4195;@mazzarinel;28528;positive;jbc
20261203_Mazz_Sample_dbgi_008477_01;\2026\Defossez\Mazzarine\;\2026\Defossez\Mazzarine\20261203_Mazz_Sample_dbgi_008477_01;dbgi_008477;SAMPLE;Émilie Lab;Leaf;1;0;Pulsatilla vulgaris;0;DCIM/jbc/Pulsatilla vulgaris_dbgi_008477_01.jpg;DCIM/jbc/Pulsatilla vulgaris_dbgi_008477_02.jpg;DCIM/jbc/Pulsatilla vulgaris_dbgi_008477_03.jpg;DCIM/jbc/Pulsatilla vulgaris_dbgi_008477_04.jpg;DCIM/jbc/Pulsatilla vulgaris_dbgi_008477_05.jpg;2574826.2;1097959.8;2,02507E+13;NA;NA;445234;positive;jbc
20261203_Mazz_Sample_dbgi_008429_02_01;\2026\Defossez\Mazzarine\;\2026\Defossez\Mazzarine\20261203_Mazz_Sample_dbgi_008429_02_01;dbgi_008429;SAMPLE;Émilie Lab;Leaf;0;0;Hypericum perforatum;0;DCIM/jbc/Hypericum perforatum_dbgi_008429_01.jpg;DCIM/jbc/Hypericum perforatum_dbgi_008429_02.jpg;DCIM/jbc/Hypericum perforatum_dbgi_008429_03.jpg;DCIM/jbc/Hypericum perforatum_dbgi_008429_04.jpg;DCIM/jbc/Hypericum perforatum_dbgi_008429_05.jpg;2574825.8;1097962.4;2,02507E+13;NA;NA;65561;positive;jbc
20261203_Mazz_Sample_dbgi_008427_01;\2026\Defossez\Mazzarine\;\2026\Defossez\Mazzarine\20261203_Mazz_Sample_dbgi_008427_01;dbgi_008427;SAMPLE;Émilie Lab;Leaf;0;0;Lonicera caerulea;0;DCIM/jbc/Lonicera caerulea_dbgi_008427_01.jpg;DCIM/jbc/Lonicera caerulea_dbgi_008427_02.jpg;DCIM/jbc/Lonicera caerulea_dbgi_008427_03.jpg;DCIM/jbc/Lonicera caerulea_dbgi_008427_04.jpg;DCIM/jbc/Lonicera caerulea_dbgi_008427_05.jpg;2574824;1097957;2,02507E+13;NA;NA;134520;positive;jbc
20261203_Mazz_Sample_dbgi_008425_01;\2026\Defossez\Mazzarine\;\2026\Defossez\Mazzarine\20261203_Mazz_Sample_dbgi_008425_01;dbgi_008425;SAMPLE;Mazzarine Laboureau;Leaf;1;0;Secale cereale;1;DCIM/jbc/Secale cereale_dbgi_008425_01.jpg;DCIM/jbc/Secale cereale_dbgi_008425_02.jpg;DCIM/jbc/Secale cereale_dbgi_008425_03.jpg;DCIM/jbc/Secale cereale_dbgi_008425_04.jpg;DCIM/jbc/Secale cereale_dbgi_008425_05.jpg;2574818.8;1097959.2;2,02507E+13;0009-0006-7011-4195;@mazzarinel;4550;positive;jbc
20261103_Mazz_Sample_dbgi_008429_01;\2026\Defossez\Mazzarine\;\2026\Defossez\Mazzarine\20261103_Mazz_Sample_dbgi_008429_01;dbgi_008429;SAMPLE;Émilie Lab;Leaf;0;0;Hypericum perforatum;0;DCIM/jbc/Hypericum perforatum_dbgi_008429_01.jpg;DCIM/jbc/Hypericum perforatum_dbgi_008429_02.jpg;DCIM/jbc/Hypericum perforatum_dbgi_008429_03.jpg;DCIM/jbc/Hypericum perforatum_dbgi_008429_04.jpg;DCIM/jbc/Hypericum perforatum_dbgi_008429_05.jpg;2574825.8;1097962.4;2,02507E+13;NA;NA;65561;positive;jbc
20261103_Mazz_Sample_dbgi_008418_01;\2026\Defossez\Mazzarine\;\2026\Defossez\Mazzarine\20261103_Mazz_Sample_dbgi_008418_01;dbgi_008418;SAMPLE;Émilie Lab;Leaf;1;0;Artemisia vulgaris;0;DCIM/jbc/Artemisia vulgaris_dbgi_008418_01.jpg;DCIM/jbc/Artemisia vulgaris_dbgi_008418_02.jpg;DCIM/jbc/Artemisia vulgaris_dbgi_008418_03.jpg;DCIM/jbc/Artemisia vulgaris_dbgi_008418_04.jpg;DCIM/jbc/Artemisia vulgaris_dbgi_008418_05.jpg;2574825.2;1097959.6;2,02507E+13;NA;NA;4220;positive;jbc
20261003_Mazz_Sample_dbgi_008497_01;\2026\Defossez\Mazzarine\;\2026\Defossez\Mazzarine\20261003_Mazz_Sample_dbgi_008497_01;dbgi_008497;SAMPLE;Émilie Lab;Leaf;0;0;Allium hymenorrhizum;0;DCIM/jbc/Aillium hymenorrhizum,_dbgi_008497_01.jpg;DCIM/jbc/Aillium hymenorrhizum,_dbgi_008497_02.jpg;DCIM/jbc/Aillium hymenorrhizum,_dbgi_008497_03.jpg;DCIM/jbc/Aillium hymenorrhizum,_dbgi_008497_04.jpg;DCIM/jbc/Aillium hymenorrhizum,_dbgi_008497_05.jpg;2574813;1097952.2;2,02507E+13;NA;NA;165623;positive;jbc
20261003_Mazz_Sample_dbgi_008471_01;\2026\Defossez\Mazzarine\;\2026\Defossez\Mazzarine\20261003_Mazz_Sample_dbgi_008471_01;dbgi_008471;SAMPLE;Émilie Lab;Leaf;0;0;Digitalis purpurea;0;DCIM/jbc/Digitalis purpurea_dbgi_008471_01.jpg;DCIM/jbc/Digitalis purpurea_dbgi_008471_02.jpg;DCIM/jbc/Digitalis purpurea_dbgi_008471_03.jpg;DCIM/jbc/Digitalis purpurea_dbgi_008471_04.jpg;DCIM/jbc/Digitalis purpurea_dbgi_008471_05.jpg;2574825.2;1097958.4;2,02507E+13;NA;NA;4164;positive;jbc
20261003_Mazz_Sample_dbgi_008463_01;\2026\Defossez\Mazzarine\;\2026\Defossez\Mazzarine\20261003_Mazz_Sample_dbgi_008463_01;dbgi_008463;SAMPLE;Émilie Lab;Leaf;0;0;Drymocallis rupestris;0;DCIM/jbc/Potentilla rupestris_dbgi_008463_01.jpg;DCIM/jbc/Potentilla rupestris_dbgi_008463_02.jpg;DCIM/jbc/Potentilla rupestris_dbgi_008463_03.jpg;DCIM/jbc/Potentilla rupestris_dbgi_008463_04.jpg;DCIM/jbc/Potentilla rupestris_dbgi_008463_05.jpg;2574802.8;1097950.5;2,02507E+13;NA;NA;637895;positive;jbc
20261003_Mazz_Sample_dbgi_008447_01;\2026\Defossez\Mazzarine\;\2026\Defossez\Mazzarine\20261003_Mazz_Sample_dbgi_008447_01;dbgi_008447;SAMPLE;Mazzarine Laboureau;Leaf;1;0;Astragalus alopecurus;0;DCIM/jbc/Astragalus alopecurus_dbgi_008447_01.jpg;DCIM/jbc/Astragalus alopecurus_dbgi_008447_02.jpg;DCIM/jbc/Astragalus alopecurus_dbgi_008447_03.jpg;DCIM/jbc/Astragalus alopecurus_dbgi_008447_04.jpg;DCIM/jbc/Astragalus alopecurus_dbgi_008447_05.jpg;2574818.2;1097961.4;2,02507E+13;0009-0006-7011-4195;@mazzarinel;1219493;positive;jbc
20261003_Mazz_Sample_dbgi_008411_01;\2026\Defossez\Mazzarine\;\2026\Defossez\Mazzarine\20261003_Mazz_Sample_dbgi_008411_01;dbgi_008411;SAMPLE;Émilie Lab;Leaf;0;0;Thymus pulegioides;0;DCIM/jbc/Thymus pulegioides_dbgi_008411_01.jpg;DCIM/jbc/Thymus pulegioides_dbgi_008411_02.jpg;DCIM/jbc/Thymus pulegioides_dbgi_008411_03.jpg;DCIM/jbc/Thymus pulegioides_dbgi_008411_04.jpg;DCIM/jbc/Thymus pulegioides_dbgi_008411_05.jpg;2574822.8;1097958.4;2,02507E+13;NA;NA;751873;positive;jbc
20261003_Mazz_Sample_dbgi_008409_01;\2026\Defossez\Mazzarine\;\2026\Defossez\Mazzarine\20261003_Mazz_Sample_dbgi_008409_01;dbgi_008409;SAMPLE;Émilie Lab;Leaf;0;0;Arctostaphylos uva-ursi;0;DCIM/jbc/Arctostaphylos uva-ursi_dbgi_008409_01.jpg;DCIM/jbc/Arctostaphylos uva-ursi_dbgi_008409_02.jpg;DCIM/jbc/Arctostaphylos uva-ursi_dbgi_008409_03.jpg;DCIM/jbc/Arctostaphylos uva-ursi_dbgi_008409_04.jpg;DCIM/jbc/Arctostaphylos uva-ursi_dbgi_008409_05.jpg;2574823.8;1097959.6;2,02507E+13;NA;NA;84009;positive;jbc
20261003_Mazz_Sample_dbgi_008391_01;\2026\Defossez\Mazzarine\;\2026\Defossez\Mazzarine\20261003_Mazz_Sample_dbgi_008391_01;dbgi_008391;SAMPLE;Émilie Lab;Leaf;1;0;Achillea millefolium;0;DCIM/jbc/Achillea millefolium_dbgi_008391_01.jpg;DCIM/jbc/Achillea millefolium_dbgi_008391_02.jpg;DCIM/jbc/Achillea millefolium_dbgi_008391_03.jpg;DCIM/jbc/Achillea millefolium_dbgi_008391_04.jpg;DCIM/jbc/Achillea millefolium_dbgi_008391_05.jpg;2574823.8;1097957;2,02507E+13;NA;NA;13329;positive;jbc
20260903_Mazz_Sample_dbgi_008625_01;\2026\Defossez\Mazzarine\;\2026\Defossez\Mazzarine\20260903_Mazz_Sample_dbgi_008625_01;dbgi_008625;SAMPLE;Mazzarine Laboureau;Leaf;1;0;Origanum vulgare;1;DCIM/jbc/Horreur vulgare_dbgi_008625_01.jpg;DCIM/jbc/Horreur vulgare_dbgi_008625_02.jpg;DCIM/jbc/Horreur vulgare_dbgi_008625_03.jpg;DCIM/jbc/Horreur vulgare_dbgi_008625_04.jpg;DCIM/jbc/Horreur vulgare_dbgi_008625_05.jpg;2574818.2;1097961.4;2,02507E+13;0009-0006-7011-4195;@mazzarinel;39352;positive;jbc
20260903_Mazz_Sample_dbgi_008531_01;\2026\Defossez\Mazzarine\;\2026\Defossez\Mazzarine\20260903_Mazz_Sample_dbgi_008531_01;dbgi_008531;SAMPLE;Mazzarine Laboureau;Leaf;1;0;Lavandula angustifolia;0;DCIM/jbc/Lavandula angustifolia_dbgi_008531_01.jpg;DCIM/jbc/Lavandula angustifolia_dbgi_008531_02.jpg;DCIM/jbc/Lavandula angustifolia_dbgi_008531_03.jpg;DCIM/jbc/Lavandula angustifolia_dbgi_008531_04.jpg;DCIM/jbc/Lavandula angustifolia_dbgi_008531_05.jpg;2574819.5;1097959.1;2,02507E+13;0009-0006-7011-4195;@mazzarinel;39329;positive;jbc
20260903_Mazz_Sample_dbgi_008505_01;\2026\Defossez\Mazzarine\;\2026\Defossez\Mazzarine\20260903_Mazz_Sample_dbgi_008505_01;dbgi_008505;SAMPLE;Émilie Lab;Leaf;0;0;Thymus nitens;0;DCIM/jbc/Thymus nitens_dbgi_008450_01.jpg;DCIM/jbc/Thymus nitens_dbgi_008450_02.jpg;DCIM/jbc/Thymus nitens_dbgi_008450_03.jpg;DCIM/jbc/Thymus nitens_dbgi_008450_04.jpg;DCIM/jbc/Thymus nitens_dbgi_008450_05.jpg;2574814.8;1097953.1;2,02507E+13;NA;NA;49990;positive;jbc
20260903_Mazz_Sample_dbgi_008496_01;\2026\Defossez\Mazzarine\;\2026\Defossez\Mazzarine\20260903_Mazz_Sample_dbgi_008496_01;dbgi_008496;SAMPLE;Émilie Lab;Leaf;1;0;Digitalis grandiflora;0;DCIM/jbc/Digitalis grandiflora_dbgi_008496_01.jpg;DCIM/jbc/Digitalis grandiflora_dbgi_008496_02.jpg;DCIM/jbc/Digitalis grandiflora_dbgi_008496_03.jpg;DCIM/jbc/Digitalis grandiflora_dbgi_008496_04.jpg;DCIM/jbc/Digitalis grandiflora_dbgi_008496_05.jpg;2574822.8;1097956.8;2,02507E+13;NA;NA;38791;positive;jbc
20260903_Mazz_Sample_dbgi_008380_01;\2026\Defossez\Mazzarine\;\2026\Defossez\Mazzarine\20260903_Mazz_Sample_dbgi_008380_01;dbgi_008380;SAMPLE;Mazzarine Laboureau;Leaf;1;0;Sedum rupestre;0;DCIM/jbc/Sedum reflexum_dbgi_008380_01.jpg;DCIM/jbc/Sedum reflexum_dbgi_008380_02.jpg;DCIM/jbc/Sedum reflexum_dbgi_008380_03.jpg;DCIM/jbc/Sedum reflexum_dbgi_008380_04.jpg;DCIM/jbc/Sedum reflexum_dbgi_008380_05.jpg;2574817;1097955.1;2,02507E+13;0009-0006-7011-4195;@mazzarinel;91145;positive;jbc
20262605_blank.mzML;\2026\Defossez\Mazzarine\;\2026\Defossez\Mazzarine\20262605_blank.mzML;Blank;Blank;Blank;Blank;Blank;Blank;Blank;Blank;Blank;Blank;Blank;Blank;Blank;Blank;Blank;Blank;Blank;Blank;Blank;positive;jbc
20262605_QC_1.mzML;\2026\Defossez\Mazzarine\;\2026\Defossez\Mazzarine\20262605_QC_1.mzML;QC;QC;QC;QC;QC;QC;QC;QC;QC;QC;QC;QC;QC;QC;QC;QC;QC;QC;QC;positive;jbc
20262605_QC_2.mzML;\2026\Defossez\Mazzarine\;\2026\Defossez\Mazzarine\20262605_QC_2.mzML;QC;QC;QC;QC;QC;QC;QC;QC;QC;QC;QC;QC;QC;QC;QC;QC;QC;QC;QC;positive;jbc
20262605_QC_3.mzML;\2026\Defossez\Mazzarine\;\2026\Defossez\Mazzarine\20262605_QC_3.mzML;QC;QC;QC;QC;QC;QC;QC;QC;QC;QC;QC;QC;QC;QC;QC;QC;QC;QC;QC;positive;jbc
20262605_QC_4.mzML;\2026\Defossez\Mazzarine\;\2026\Defossez\Mazzarine\20262605_QC_4.mzML;QC;QC;QC;QC;QC;QC;QC;QC;QC;QC;QC;QC;QC;QC;QC;QC;QC;QC;QC;positive;jbc
20262605_QC_5.mzML;\2026\Defossez\Mazzarine\;\2026\Defossez\Mazzarine\20262605_QC_5.mzML;QC;QC;QC;QC;QC;QC;QC;QC;QC;QC;QC;QC;QC;QC;QC;QC;QC;QC;QC;positive;jbc
20262605_QC_6.mzML;\2026\Defossez\Mazzarine\;\2026\Defossez\Mazzarine\20262605_QC_6.mzML;QC;QC;QC;QC;QC;QC;QC;QC;QC;QC;QC;QC;QC;QC;QC;QC;QC;QC;QC;positive;jbc
