project	field_data_id	sample_id	sample_id_class	canonical_candidate	taxon_name	sample_name	taxon_name_final	unified_taxon_name	unified_taxon_source	unified_taxon_status	taxon_candidate_fields_present	taxon_unified_conflict	date	latitude	longitude	coordinate_status	issue
jbp	74177	dbgi_009877	canonical	dbgi_009877	Rumex aquaticus			Rumex aquaticus	taxon_name	resolved_from_primary_taxon_field	taxon_name		20250814094637	14.411989	50.121628	out_of_ch_range	
jbp	74179	dbgi_009887	canonical	dbgi_009887	Rumex aquaticus			Rumex aquaticus	taxon_name	resolved_from_primary_taxon_field	taxon_name		20250814095738	14.411989	50.121628	out_of_ch_range	
jbp	74180	dbgi_009854	canonical	dbgi_009854				Garrya flavescens	name_proposition	resolved_from_fallback_taxon_field	name_proposition		20250814101322	14.412845	50.121593	out_of_ch_range	
jbp	74181	dbgi_009899	canonical	dbgi_009899	Caesalpinia bonduc			Caesalpinia bonduc	taxon_name	resolved_from_primary_taxon_field	taxon_name		20250814091908	14.412362	50.121735	out_of_ch_range	
jbp	74182	dbgi_009878	canonical	dbgi_009878				Garrya flavescens	name_proposition	resolved_from_fallback_taxon_field	name_proposition		20250814102327	14.412848	50.12159	out_of_ch_range	
jbp	74183	dbgi_009892	canonical	dbgi_009892	Rumex aquaticus			Rumex aquaticus	taxon_name	resolved_from_primary_taxon_field	taxon_name		20250814095305	14.411982	50.12162	out_of_ch_range	
jbp	74184	dbgi_009842	canonical	dbgi_009842	Consolida regalis			Consolida regalis	taxon_name	resolved_from_primary_taxon_field	taxon_name;name_proposition	taxon_name=Consolida regalis;name_proposition=Consolida regalis True Wild	20250815152159	14.415398	50.118725	out_of_ch_range	taxon_unified_conflict
jbp	74185	dbgi_009903	canonical	dbgi_009903	Consolida regalis			Consolida regalis	taxon_name	resolved_from_primary_taxon_field	taxon_name		20250815152556	14.415398	50.118725	out_of_ch_range	
jbp	74186	dbgi_009917	canonical	dbgi_009917	Caesalpinia spinosa			Caesalpinia spinosa	taxon_name	resolved_from_primary_taxon_field	taxon_name		20250815155207	14.412406	50.121788	out_of_ch_range	
jbp	74187	dbgi_009881	canonical	dbgi_009881	Artemisia afra			Artemisia afra	taxon_name	resolved_from_primary_taxon_field	taxon_name		20250815155733	14.412386	50.12177	out_of_ch_range	
jbp	74188	dbgi_009902	canonical	dbgi_009902	Caesalpinia pulcherrima			Caesalpinia pulcherrima	taxon_name	resolved_from_primary_taxon_field	taxon_name		20250815162910	14.412434	50.121758	out_of_ch_range	
jbp	74189	dbgi_009897	canonical	dbgi_009897	Caesalpinia pulcherrima			Caesalpinia pulcherrima	taxon_name	resolved_from_primary_taxon_field	taxon_name		20250815163107	14.412434	50.121758	out_of_ch_range	
jbp	74190	dbgi_009859	canonical	dbgi_009859	Caesalpinia gilliesii			Caesalpinia gilliesii	taxon_name	resolved_from_primary_taxon_field	taxon_name		20250815163323	14.412418	50.121735	out_of_ch_range	
jbp	74191	dbgi_009849	canonical	dbgi_009849	Caesalpinia gilliesii			Caesalpinia gilliesii	taxon_name	resolved_from_primary_taxon_field	taxon_name		20250815163656	14.412418	50.121735	out_of_ch_range	
jbp	74192	dbgi_009890	canonical	dbgi_009890				Delphinium ceratophorum	name_proposition	resolved_from_fallback_taxon_field	name_proposition		20250815164132	14.415659	50.120968	out_of_ch_range	
jbp	74193	dbgi_009848	canonical	dbgi_009848				Delphinium ceratophorum	name_proposition	resolved_from_fallback_taxon_field	name_proposition		20250815164329	14.415659	50.120968	out_of_ch_range	
jbp	74194	dbgi_009896	canonical	dbgi_009896	Thalictrum pubescens			Thalictrum pubescens	taxon_name	resolved_from_primary_taxon_field	taxon_name		20250815165058	14.416706	50.122204	out_of_ch_range	
jbp	74195	dbgi_009838	canonical	dbgi_009838	Thalictrum pubescens			Thalictrum pubescens	taxon_name	resolved_from_primary_taxon_field	taxon_name		20250815165310	14.416706	50.122204	out_of_ch_range	
jbp	74196	dbgi_009869	canonical	dbgi_009869	Artemisia alba			Artemisia alba	taxon_name	resolved_from_primary_taxon_field	taxon_name		20250815170256	14.414897	50.11871	out_of_ch_range	
jbp	74197	dbgi_009873	canonical	dbgi_009873	Artemisia alba			Artemisia alba	taxon_name	resolved_from_primary_taxon_field	taxon_name		20250815170456	14.414897	50.11871	out_of_ch_range	
jbp	74198	dbgi_009914	canonical	dbgi_009914	Artemisia rutifolia			Artemisia rutifolia	taxon_name	resolved_from_primary_taxon_field	taxon_name		20250815170937	14.41487	50.118687	out_of_ch_range	
jbp	74199	dbgi_009882	canonical	dbgi_009882	Artemisia rutifolia			Artemisia rutifolia	taxon_name	resolved_from_primary_taxon_field	taxon_name		20250815171103	14.41487	50.118687	out_of_ch_range	
jbp	74200	dbgi_009823	canonical	dbgi_009823				Aconitum firmum subsp. moravicum	name_proposition	resolved_from_fallback_taxon_field	name_proposition		20250815171402	14.419965	50.123383	out_of_ch_range	
jbp	74201	dbgi_009827	canonical	dbgi_009827				Aconitum firmum subsp. moravicum	name_proposition	resolved_from_fallback_taxon_field	name_proposition		20250815171622	14.419965	50.123383	out_of_ch_range	
jbp	74202	dbgi_009856	canonical	dbgi_009856	Aconitum carmichaelii			Aconitum carmichaelii	taxon_name	resolved_from_primary_taxon_field	taxon_name		20250815171926	14.419545	50.123394	out_of_ch_range	
jbp	74203	dbgi_009852	canonical	dbgi_009852	Aconitum carmichaelii			Aconitum carmichaelii	taxon_name	resolved_from_primary_taxon_field	taxon_name		20250815172028	14.419545	50.123394	out_of_ch_range	
jbp	74204	dbgi_009846	canonical	dbgi_009846				Artemisia cf. Tridentata	name_proposition	resolved_from_fallback_taxon_field	name_proposition		20250818094748	14.414391	50.117977	out_of_ch_range	
jbp	74205	dbgi_009826	canonical	dbgi_009826				Artemisia cf. Tridentata	name_proposition	resolved_from_fallback_taxon_field	name_proposition		20250818095238	14.414391	50.117977	out_of_ch_range	
jbp	74206	dbgi_009855	canonical	dbgi_009855	Artemisia frigida			Artemisia frigida	taxon_name	resolved_from_primary_taxon_field	taxon_name		20250818095801	14.414413	50.118004	out_of_ch_range	
jbp	74207	dbgi_009821	canonical	dbgi_009821	Artemisia frigida			Artemisia frigida	taxon_name	resolved_from_primary_taxon_field	taxon_name		20250818100320	14.414415	50.118008	out_of_ch_range	
jbp	74208	dbgi_009836	canonical	dbgi_009836	Artemisia pontica			Artemisia pontica	taxon_name	resolved_from_primary_taxon_field	taxon_name		20250818100636	14.414472	50.1187	out_of_ch_range	
jbp	74209	dbgi_009866	canonical	dbgi_009866	Artemisia pontica			Artemisia pontica	taxon_name	resolved_from_primary_taxon_field	taxon_name		20250818100913	14.414472	50.1187	out_of_ch_range	
jbp	74210	dbgi_009891	canonical	dbgi_009891				Artemisia alba ‘Canescens’	name_proposition	resolved_from_fallback_taxon_field	name_proposition		20250818101434	14.414206	50.11851	out_of_ch_range	
jbp	74211	dbgi_009895	canonical	dbgi_009895	Artemisia alba			Artemisia alba	taxon_name	resolved_from_primary_taxon_field	taxon_name;name_proposition	taxon_name=Artemisia alba;name_proposition=Artemisia alba ‘Canescens’	20250818101704	14.414206	50.11851	out_of_ch_range	taxon_unified_conflict
jbp	74212	dbgi_009905	canonical	dbgi_009905	Artemisia santonicum			Artemisia santonicum	taxon_name	resolved_from_primary_taxon_field	taxon_name		20250818102123	14.414769	50.11836	out_of_ch_range	
jbp	74213	dbgi_009818	canonical	dbgi_009818	Artemisia santonicum			Artemisia santonicum	taxon_name	resolved_from_primary_taxon_field	taxon_name		20250818102303	14.414769	50.11836	out_of_ch_range	
jbp	74214	dbgi_009853	canonical	dbgi_009853	Artemisia dracunculus			Artemisia dracunculus	taxon_name	resolved_from_primary_taxon_field	taxon_name		20250818102554	14.414895	50.118736	out_of_ch_range	
jbp	74215	dbgi_009850	canonical	dbgi_009850	Artemisia dracunculus			Artemisia dracunculus	taxon_name	resolved_from_primary_taxon_field	taxon_name		20250818102935	14.414895	50.118736	out_of_ch_range	
jbp	74216	dbgi_009825	canonical	dbgi_009825	Artemisia abrotanum			Artemisia abrotanum	taxon_name	resolved_from_primary_taxon_field	taxon_name		20250818103208	14.41499	50.11879	out_of_ch_range	
jbp	74217	dbgi_009910	canonical	dbgi_009910	Artemisia abrotanum			Artemisia abrotanum	taxon_name	resolved_from_primary_taxon_field	taxon_name		20250818103609	14.41499	50.11879	out_of_ch_range	
jbp	74218	dbgi_009872	canonical	dbgi_009872	Artemisia absinthium			Artemisia absinthium	taxon_name	resolved_from_primary_taxon_field	taxon_name		20250818103921	14.414989	50.118793	out_of_ch_range	
jbp	74219	dbgi_009870	canonical	dbgi_009870	Artemisia absinthium			Artemisia absinthium	taxon_name	resolved_from_primary_taxon_field	taxon_name		20250818104214	14.414989	50.118793	out_of_ch_range	
jbp	74220	dbgi_009880	canonical	dbgi_009880	Inula hirta			Inula hirta	taxon_name	resolved_from_primary_taxon_field	taxon_name		20250818120109	14.415007	50.119648	out_of_ch_range	
jbp	74221	dbgi_009893	canonical	dbgi_009893	Inula hirta			Inula hirta	taxon_name	resolved_from_primary_taxon_field	taxon_name		20250818120622	14.415007	50.119648	out_of_ch_range	
jbp	74222	dbgi_009906	canonical	dbgi_009906	Inula hirta			Inula hirta	taxon_name	resolved_from_primary_taxon_field	taxon_name		20250818121137	14.415007	50.119648	out_of_ch_range	
jbp	74223	dbgi_009841	canonical	dbgi_009841	Inula oculus-christi			Inula oculus-christi	taxon_name	resolved_from_primary_taxon_field	taxon_name		20250818121552	14.415001	50.119663	out_of_ch_range	
jbp	74224	dbgi_009904	canonical	dbgi_009904	Inula oculus-christi			Inula oculus-christi	taxon_name	resolved_from_primary_taxon_field	taxon_name		20250818121805	14.415001	50.119663	out_of_ch_range	
jbp	74225	dbgi_009832	canonical	dbgi_009832	Inula oculus-christi			Inula oculus-christi	taxon_name	resolved_from_primary_taxon_field	taxon_name		20250818121950	14.415001	50.119663	out_of_ch_range	
jbp	74226	dbgi_009876	canonical	dbgi_009876	Inula ensifolia			Inula ensifolia	taxon_name	resolved_from_primary_taxon_field	taxon_name		20250818122152	14.414995	50.11968	out_of_ch_range	
jbp	74227	dbgi_009908	canonical	dbgi_009908	Inula ensifolia			Inula ensifolia	taxon_name	resolved_from_primary_taxon_field	taxon_name		20250818122333	14.414995	50.11968	out_of_ch_range	
jbp	74228	dbgi_009894	canonical	dbgi_009894	Inula ensifolia			Inula ensifolia	taxon_name	resolved_from_primary_taxon_field	taxon_name		20250818122616	14.414995	50.11968	out_of_ch_range	
jbp	74229	dbgi_009871	canonical	dbgi_009871	Inula ensifolia			Inula ensifolia	taxon_name	resolved_from_primary_taxon_field	taxon_name		20250818122817	14.414995	50.11968	out_of_ch_range	
jbp	74230	dbgi_009898	canonical	dbgi_009898	Thalictrum flavum			Thalictrum flavum	taxon_name	resolved_from_primary_taxon_field	taxon_name		20250818123739	14.414769	50.119644	out_of_ch_range	
jbp	74231	dbgi_009883	canonical	dbgi_009883	Thalictrum flavum			Thalictrum flavum	taxon_name	resolved_from_primary_taxon_field	taxon_name		20250818123855	14.414769	50.119644	out_of_ch_range	
jbp	74232	dbgi_009834	canonical	dbgi_009834	Thalictrum flavum			Thalictrum flavum	taxon_name	resolved_from_primary_taxon_field	taxon_name		20250818124025	14.414769	50.119644	out_of_ch_range	
jbp	74233	dbgi_009907	canonical	dbgi_009907	Thalictrum simplex			Thalictrum simplex	taxon_name	resolved_from_primary_taxon_field	taxon_name		20250818124317	14.414782	50.119705	out_of_ch_range	
jbp	74234	dbgi_009847	canonical	dbgi_009847	Thalictrum simplex			Thalictrum simplex	taxon_name	resolved_from_primary_taxon_field	taxon_name		20250818124537	14.414782	50.119705	out_of_ch_range	
jbp	74235	dbgi_009861	canonical	dbgi_009861	Thalictrum lucidum			Thalictrum lucidum	taxon_name	resolved_from_primary_taxon_field	taxon_name		20250818124714	14.414753	50.119686	out_of_ch_range	
jbp	74236	dbgi_009885	canonical	dbgi_009885	Thalictrum lucidum			Thalictrum lucidum	taxon_name	resolved_from_primary_taxon_field	taxon_name		20250818124821	14.414753	50.119686	out_of_ch_range	
jbp	74237	dbgi_009829	canonical	dbgi_009829	Aconitum variegatum			Aconitum variegatum	taxon_name	resolved_from_primary_taxon_field	taxon_name		20250818144832	14.419825	50.123386	out_of_ch_range	
jbp	74238	dbgi_009886	canonical	dbgi_009886	Aconitum variegatum			Aconitum variegatum	taxon_name	resolved_from_primary_taxon_field	taxon_name		20250818145048	14.419825	50.123386	out_of_ch_range	
jbp	74239	dbgi_009889	canonical	dbgi_009889				Spiraea japonica ‘Gold Frame’	name_proposition	resolved_from_fallback_taxon_field	name_proposition		20250818130549	14.41538	50.121643	out_of_ch_range	
jbp	74240	dbgi_009843	canonical	dbgi_009843				Spiraea japonica ‘Gold Frame’	name_proposition	resolved_from_fallback_taxon_field	name_proposition		20250818131008	14.41538	50.121643	out_of_ch_range	
jbp	74241	dbgi_009865	canonical	dbgi_009865	Spiraea nipponica			Spiraea nipponica	taxon_name	resolved_from_primary_taxon_field	taxon_name		20250818132021	14.415343	50.12161	out_of_ch_range	
jbp	74242	dbgi_009828	canonical	dbgi_009828	Spiraea nipponica			Spiraea nipponica	taxon_name	resolved_from_primary_taxon_field	taxon_name		20250818132319	14.415343	50.12161	out_of_ch_range	
jbp	74243	dbgi_009831	canonical	dbgi_009831	Spiraea japonica			Spiraea japonica	taxon_name	resolved_from_primary_taxon_field	taxon_name		20250818132746	14.415308	50.121582	out_of_ch_range	
jbp	74244	dbgi_009863	canonical	dbgi_009863	Spiraea japonica			Spiraea japonica	taxon_name	resolved_from_primary_taxon_field	taxon_name		20250818133104	14.415308	50.121582	out_of_ch_range	
jbp	74245	dbgi_009912	canonical	dbgi_009912	Spiraea japonica			Spiraea japonica	taxon_name	resolved_from_primary_taxon_field	taxon_name		20250818133500	14.415308	50.121582	out_of_ch_range	
jbp	74246	dbgi_009839	canonical	dbgi_009839	Spiraea media			Spiraea media	taxon_name	resolved_from_primary_taxon_field	taxon_name		20250818134019	14.418057	50.12301	out_of_ch_range	
jbp	74247	dbgi_009874	canonical	dbgi_009874	Spiraea media			Spiraea media	taxon_name	resolved_from_primary_taxon_field	taxon_name		20250818134314	14.418057	50.12301	out_of_ch_range	
jbp	74248	dbgi_009888	canonical	dbgi_009888	Spiraea media			Spiraea media	taxon_name	resolved_from_primary_taxon_field	taxon_name		20250818134558	14.418057	50.12301	out_of_ch_range	
jbp	74249	dbgi_009901	canonical	dbgi_009901	Spiraea humilis			Spiraea humilis	taxon_name	resolved_from_primary_taxon_field	taxon_name		20250818134827	14.418001	50.123	out_of_ch_range	
jbp	74250	dbgi_009867	canonical	dbgi_009867	Spiraea media			Spiraea media	taxon_name	resolved_from_primary_taxon_field	taxon_name		20250818135247	14.4180565	50.12301	out_of_ch_range	
jbp	74251	dbgi_009913	canonical	dbgi_009913	Spiraea humilis			Spiraea humilis	taxon_name	resolved_from_primary_taxon_field	taxon_name		20250818135546	14.417999	50.123	out_of_ch_range	
jbp	74252	dbgi_009833	canonical	dbgi_009833	Spiraea humilis			Spiraea humilis	taxon_name	resolved_from_primary_taxon_field	taxon_name		20250818135838	14.417999	50.123	out_of_ch_range	
jbp	74253	dbgi_009864	canonical	dbgi_009864	Spiraea humilis			Spiraea humilis	taxon_name	resolved_from_primary_taxon_field	taxon_name		20250818140043	14.417999	50.123	out_of_ch_range	
jbp	74254	dbgi_009820	canonical	dbgi_009820				Spiraea japonica ‘Shirobana’	name_proposition	resolved_from_fallback_taxon_field	name_proposition		20250818140313	14.416558	50.12256	out_of_ch_range	
jbp	74255	dbgi_009879	canonical	dbgi_009879				Spiraea japonica ‘Shirobana’	name_proposition	resolved_from_fallback_taxon_field	name_proposition		20250818140833	14.416558	50.12256	out_of_ch_range	
jbp	74256	dbgi_009911	canonical	dbgi_009911				Spiraea japonica ‘Shirobana’	name_proposition	resolved_from_fallback_taxon_field	name_proposition		20250818141136	14.416558	50.12256	out_of_ch_range	
jbp	74257	dbgi_009837	canonical	dbgi_009837				Spiraea japonica ‘Shirobana’	name_proposition	resolved_from_fallback_taxon_field	name_proposition		20250818141709	14.416558	50.12256	out_of_ch_range	
jbp	74258	dbgi_009858	canonical	dbgi_009858				Spiraea japonica ‘Shirobana’	name_proposition	resolved_from_fallback_taxon_field	name_proposition		20250818142754	14.416558	50.12256	out_of_ch_range	
jbp	74259	dbgi_009822	canonical	dbgi_009822	Spiraea betulifolia			Spiraea betulifolia	taxon_name	resolved_from_primary_taxon_field	taxon_name		20250818143107	14.416282	50.122322	out_of_ch_range	
jbp	74260	dbgi_009860	canonical	dbgi_009860	Spiraea betulifolia			Spiraea betulifolia	taxon_name	resolved_from_primary_taxon_field	taxon_name		20250818143449	14.416282	50.122322	out_of_ch_range	
jbp	74261	dbgi_009835	canonical	dbgi_009835	Spiraea betulifolia			Spiraea betulifolia	taxon_name	resolved_from_primary_taxon_field	taxon_name		20250818143703	14.416282	50.122322	out_of_ch_range	
jbp	74262	dbgi_009857	canonical	dbgi_009857	Spiraea salicifolia			Spiraea salicifolia	taxon_name	resolved_from_primary_taxon_field	taxon_name		20250818143935	14.415109	50.12093	out_of_ch_range	
jbp	74263	dbgi_009915	canonical	dbgi_009915	Spiraea salicifolia			Spiraea salicifolia	taxon_name	resolved_from_primary_taxon_field	taxon_name		20250818144154	14.415109	50.12093	out_of_ch_range	
jbp	74264	dbgi_009875	canonical	dbgi_009875	Spiraea salicifolia			Spiraea salicifolia	taxon_name	resolved_from_primary_taxon_field	taxon_name		20250818144350	14.415109	50.12093	out_of_ch_range	
jbp	74265	dbgi_009819	canonical	dbgi_009819	Spiraea salicifolia			Spiraea salicifolia	taxon_name	resolved_from_primary_taxon_field	taxon_name		20250818144653	14.415109	50.12093	out_of_ch_range	
jbp	74266	dbgi_009900	canonical	dbgi_009900	Caesalpinia mexicana			Caesalpinia mexicana	taxon_name	resolved_from_primary_taxon_field	taxon_name		20250818144953	14.412951	50.12173	out_of_ch_range	
jbp	74267	dbgi_009845	canonical	dbgi_009845	Caesalpinia mexicana			Caesalpinia mexicana	taxon_name	resolved_from_primary_taxon_field	taxon_name		20250818145602	14.412951	50.12173	out_of_ch_range	
jbp	74268	dbgi_009830	canonical	dbgi_009830	Caesalpinia mexicana			Caesalpinia mexicana	taxon_name	resolved_from_primary_taxon_field	taxon_name		20250818145811	14.412951	50.12173	out_of_ch_range	
jbp	74269	dbgi_009862	canonical	dbgi_009862	Coffea arabica			Coffea arabica	taxon_name	resolved_from_primary_taxon_field	taxon_name		20250818145941	14.41292	50.121666	out_of_ch_range	
jbp	74270	dbgi_009851	canonical	dbgi_009851	Coffea arabica			Coffea arabica	taxon_name	resolved_from_primary_taxon_field	taxon_name		20250818150240	14.41292	50.121666	out_of_ch_range	
jbp	76144	dbgi_010030	canonical	dbgi_010030	Manilkara zapota			Manilkara zapota	taxon_name	resolved_from_primary_taxon_field	taxon_name		20260128151351	14.41204	50.12182	out_of_ch_range	
jbp	76145	dbgi_010033	canonical	dbgi_010033	Manilkara zapota			Manilkara zapota	taxon_name	resolved_from_primary_taxon_field	taxon_name		20260128151542	14.41204	50.12182	out_of_ch_range	
jbp	76146	dbgi_010062	canonical	dbgi_010062	Manilkara zapota			Manilkara zapota	taxon_name	resolved_from_primary_taxon_field	taxon_name		20260128151624	14.41204	50.12182	out_of_ch_range	
jbp	76147	dbgi_010037	canonical	dbgi_010037	Mimosa pudica			Mimosa pudica	taxon_name	resolved_from_primary_taxon_field	taxon_name		20260128153322	14.41426	50.121994	out_of_ch_range	
jbp	76148	dbgi_010038	canonical	dbgi_010038	Mimosa pudica			Mimosa pudica	taxon_name	resolved_from_primary_taxon_field	taxon_name		20260128153634	14.41426	50.121994	out_of_ch_range	
jbp	76149	dbgi_010053	canonical	dbgi_010053	Mimosa pudica			Mimosa pudica	taxon_name	resolved_from_primary_taxon_field	taxon_name		20260128154105	14.41426	50.121994	out_of_ch_range	
jbp	76150	dbgi_010019	canonical	dbgi_010019	Musa velutina			Musa velutina	taxon_name	resolved_from_primary_taxon_field	taxon_name		20260128155214	14.412075	50.121857	out_of_ch_range	
jbp	76151	dbgi_010036	canonical	dbgi_010036	Musa velutina			Musa velutina	taxon_name	resolved_from_primary_taxon_field	taxon_name		20260128155402	14.412075	50.121857	out_of_ch_range	
jbp	76152	dbgi_010072	canonical	dbgi_010072	Musa velutina			Musa velutina	taxon_name	resolved_from_primary_taxon_field	taxon_name		20260128155443	14.412075	50.121857	out_of_ch_range	
jbp	76153	dbgi_009999	canonical	dbgi_009999				Tabernaemontana brahyantha	name_proposition	resolved_from_fallback_taxon_field	name_proposition		20260128155524	14.412076	50.121883	out_of_ch_range	
jbp	76154	dbgi_010067	canonical	dbgi_010067				Tabernaemontana brahyantha	name_proposition	resolved_from_fallback_taxon_field	name_proposition		20260128155737	14.412076	50.121883	out_of_ch_range	
jbp	76155	dbgi_010029	canonical	dbgi_010029				Tabernaemontana brahyantha	name_proposition	resolved_from_fallback_taxon_field	name_proposition		20260128155852	14.412076	50.121883	out_of_ch_range	
jbp	76156	dbgi_010002	canonical	dbgi_010002	Anacardium occidentale			Anacardium occidentale	taxon_name	resolved_from_primary_taxon_field	taxon_name;name_proposition	taxon_name=Anacardium occidentale;name_proposition=Typhonium roxburghii	20260128161234	14.412154	50.121975	out_of_ch_range	taxon_unified_conflict
jbp	76157	dbgi_009950	canonical	dbgi_009950	Cyperus alternifolius			Cyperus alternifolius	taxon_name	resolved_from_primary_taxon_field	taxon_name;name_proposition	taxon_name=Cyperus alternifolius;name_proposition=Tabernaemontana brahyantha	20260128155959	14.412094	50.121906	out_of_ch_range	taxon_unified_conflict
jbp	76158	dbgi_009844	canonical	dbgi_009844	Cyperus alternifolius			Cyperus alternifolius	taxon_name	resolved_from_primary_taxon_field	taxon_name;name_proposition	taxon_name=Cyperus alternifolius;name_proposition=Tabernaemontana brahyantha	20260128160233	14.412094	50.121906	out_of_ch_range	taxon_unified_conflict
jbp	76159	dbgi_010024	canonical	dbgi_010024	Cyperus alternifolius			Cyperus alternifolius	taxon_name	resolved_from_primary_taxon_field	taxon_name;name_proposition	taxon_name=Cyperus alternifolius;name_proposition=Tabernaemontana brahyantha	20260128160405	14.412094	50.121906	out_of_ch_range	taxon_unified_conflict
jbp	76160	dbgi_010057	canonical	dbgi_010057	Oryza sativa			Oryza sativa	taxon_name	resolved_from_primary_taxon_field	taxon_name;name_proposition	taxon_name=Oryza sativa;name_proposition=Tabernaemontana brahyantha	20260128160512	14.412126	50.12193	out_of_ch_range	taxon_unified_conflict
jbp	76161	dbgi_010059	canonical	dbgi_010059	Oryza sativa			Oryza sativa	taxon_name	resolved_from_primary_taxon_field	taxon_name;name_proposition	taxon_name=Oryza sativa;name_proposition=Tabernaemontana brahyantha	20260128160713	14.412126	50.12193	out_of_ch_range	taxon_unified_conflict
jbp	76162	dbgi_009963	canonical	dbgi_009963	Oryza sativa			Oryza sativa	taxon_name	resolved_from_primary_taxon_field	taxon_name;name_proposition	taxon_name=Oryza sativa;name_proposition=Tabernaemontana brahyantha	20260128160802	14.412126	50.12193	out_of_ch_range	taxon_unified_conflict
jbp	76163	dbgi_010047	canonical	dbgi_010047				Typhonium roxburghii	name_proposition	resolved_from_fallback_taxon_field	name_proposition		20260128160901	14.412135	50.121956	out_of_ch_range	
jbp	76164	dbgi_010078	canonical	dbgi_010078				Typhonium roxburghii	name_proposition	resolved_from_fallback_taxon_field	name_proposition		20260128161152	14.412135	50.121956	out_of_ch_range	
jbp	76165	dbgi_009932	canonical	dbgi_009932	Codariocalyx motorius			Codariocalyx motorius	taxon_name	resolved_from_primary_taxon_field	taxon_name		20260209091226	14.4120245	50.12179	out_of_ch_range	
jbp	76166	dbgi_010008	canonical	dbgi_010008	Codariocalyx motorius			Codariocalyx motorius	taxon_name	resolved_from_primary_taxon_field	taxon_name		20260209091549	14.4120245	50.12179	out_of_ch_range	
jbp	76167	dbgi_009944	canonical	dbgi_009944				Toccoca sp.	name_proposition	resolved_from_fallback_taxon_field	name_proposition		20260209091750	14.412012	50.12178	out_of_ch_range	
jbp	76168	dbgi_009962	canonical	dbgi_009962				Toccoca sp.	name_proposition	resolved_from_fallback_taxon_field	name_proposition		20260209092134	14.412012	50.12178	out_of_ch_range	
jbp	76169	dbgi_010012	canonical	dbgi_010012	Dacrydium balansae			Dacrydium balansae	taxon_name	resolved_from_primary_taxon_field	taxon_name		20260209092251	14.41201	50.12177	out_of_ch_range	
jbp	76170	dbgi_010056	canonical	dbgi_010056	Homalomena sp.			Homalomena sp.	taxon_name	resolved_from_primary_taxon_field	taxon_name		20260209092514	14.41201	50.121796	out_of_ch_range	
jbp	76171	dbgi_009966	canonical	dbgi_009966	Homalomena sp.			Homalomena sp.	taxon_name	resolved_from_primary_taxon_field	taxon_name		20260209093342	14.41201	50.121796	out_of_ch_range	
jbp	76172	dbgi_010020	canonical	dbgi_010020	Homalomena sp.			Homalomena sp.	taxon_name	resolved_from_primary_taxon_field	taxon_name		20260209093446	14.41201	50.121796	out_of_ch_range	
jbp	76173	dbgi_010069	canonical	dbgi_010069	Monstera tenuis			Monstera tenuis	taxon_name	resolved_from_primary_taxon_field	taxon_name		20260209093624	14.412061	50.12182	out_of_ch_range	
jbp	76174	dbgi_010061	canonical	dbgi_010061	Monstera tenuis			Monstera tenuis	taxon_name	resolved_from_primary_taxon_field	taxon_name		20260209093831	14.412061	50.12182	out_of_ch_range	
jbp	76175	dbgi_009993	canonical	dbgi_009993				Pilea diversifolia	name_proposition	resolved_from_fallback_taxon_field	name_proposition		20260209094024	14.412049	50.121838	out_of_ch_range	
jbp	76176	dbgi_009919	canonical	dbgi_009919				Pilea diversifolia	name_proposition	resolved_from_fallback_taxon_field	name_proposition		20260209094248	14.412049	50.121838	out_of_ch_range	
jbp	76177	dbgi_009974	canonical	dbgi_009974				Amorphophallus verticillatus	name_proposition	resolved_from_fallback_taxon_field	name_proposition		20260209094424	14.412055	50.121853	out_of_ch_range	
jbp	76178	dbgi_009935	canonical	dbgi_009935				Amorphophallus verticillatus	name_proposition	resolved_from_fallback_taxon_field	name_proposition		20260209094734	14.412055	50.121853	out_of_ch_range	
jbp	76179	dbgi_010071	canonical	dbgi_010071	Manihot esculenta			Manihot esculenta	taxon_name	resolved_from_primary_taxon_field	taxon_name		20260209095131	14.41207	50.121838	out_of_ch_range	
jbp	76180	dbgi_010016	canonical	dbgi_010016	Manihot esculenta			Manihot esculenta	taxon_name	resolved_from_primary_taxon_field	taxon_name		20260209095339	14.41207	50.121838	out_of_ch_range	
jbp	76181	dbgi_010021	canonical	dbgi_010021	Manihot esculenta			Manihot esculenta	taxon_name	resolved_from_primary_taxon_field	taxon_name		20260209095428	14.41207	50.121838	out_of_ch_range	
jbp	76182	dbgi_010049	canonical	dbgi_010049	Aechmea gamosepala			Aechmea gamosepala	taxon_name	resolved_from_primary_taxon_field	taxon_name		20260209095604	14.412045	50.1218	out_of_ch_range	
jbp	76183	dbgi_010017	canonical	dbgi_010017	Aechmea gamosepala			Aechmea gamosepala	taxon_name	resolved_from_primary_taxon_field	taxon_name		20260209095801	14.412045	50.1218	out_of_ch_range	
jbp	76184	dbgi_009991	canonical	dbgi_009991	Aechmea gamosepala			Aechmea gamosepala	taxon_name	resolved_from_primary_taxon_field	taxon_name		20260209095838	14.412045	50.1218	out_of_ch_range	
jbp	76185	dbgi_009995	canonical	dbgi_009995	Acorus calamus			Acorus calamus	taxon_name	resolved_from_primary_taxon_field	taxon_name		20260209095941	14.41206	50.121803	out_of_ch_range	
jbp	76186	dbgi_010063	canonical	dbgi_010063	Acorus calamus			Acorus calamus	taxon_name	resolved_from_primary_taxon_field	taxon_name		20260209100153	14.41206	50.121803	out_of_ch_range	
jbp	76187	dbgi_010025	canonical	dbgi_010025	Solanum mammosum			Solanum mammosum	taxon_name	resolved_from_primary_taxon_field	taxon_name		20260209113054	14.412149	50.121944	out_of_ch_range	
jbp	76188	dbgi_010005	canonical	dbgi_010005	Solanum mammosum			Solanum mammosum	taxon_name	resolved_from_primary_taxon_field	taxon_name		20260209113332	14.412149	50.121944	out_of_ch_range	
jbp	76189	dbgi_009988	canonical	dbgi_009988	Solanum mammosum			Solanum mammosum	taxon_name	resolved_from_primary_taxon_field	taxon_name		20260209113421	14.412149	50.121944	out_of_ch_range	
jbp	76190	dbgi_010027	canonical	dbgi_010027	Mangifera indica			Mangifera indica	taxon_name	resolved_from_primary_taxon_field	taxon_name		20260209110108	14.412023	50.12181	out_of_ch_range	
jbp	76191	dbgi_010041	canonical	dbgi_010041	Mangifera indica			Mangifera indica	taxon_name	resolved_from_primary_taxon_field	taxon_name		20260209110657	14.412023	50.12181	out_of_ch_range	
jbp	76192	dbgi_010080	canonical	dbgi_010080	Mangifera indica			Mangifera indica	taxon_name	resolved_from_primary_taxon_field	taxon_name		20260209110741	14.412023	50.12181	out_of_ch_range	
jbp	76193	dbgi_009994	canonical	dbgi_009994				Capsicum eximium	name_proposition	resolved_from_fallback_taxon_field	name_proposition		20260209110852	14.412096	50.121872	out_of_ch_range	
jbp	76194	dbgi_010052	canonical	dbgi_010052				Capsicum eximium	name_proposition	resolved_from_fallback_taxon_field	name_proposition		20260209111236	14.412096	50.121872	out_of_ch_range	
jbp	76195	dbgi_010010	canonical	dbgi_010010				Capsicum eximium	name_proposition	resolved_from_fallback_taxon_field	name_proposition		20260209111337	14.412096	50.121872	out_of_ch_range	
jbp	76196	dbgi_009884	canonical	dbgi_009884	Inga feuillei			Inga feuillei	taxon_name	resolved_from_primary_taxon_field	taxon_name		20260209111451	14.412105	50.121883	out_of_ch_range	
jbp	76197	dbgi_010009	canonical	dbgi_010009	Inga feuillei			Inga feuillei	taxon_name	resolved_from_primary_taxon_field	taxon_name		20260209111712	14.412105	50.121883	out_of_ch_range	
jbp	76198	dbgi_010042	canonical	dbgi_010042	Piper obtusissimum			Piper obtusissimum	taxon_name	resolved_from_primary_taxon_field	taxon_name		20260209111825	14.412113	50.121902	out_of_ch_range	
jbp	76199	dbgi_010079	canonical	dbgi_010079	Piper obtusissimum			Piper obtusissimum	taxon_name	resolved_from_primary_taxon_field	taxon_name		20260209112034	14.412113	50.121902	out_of_ch_range	
jbp	76200	dbgi_010064	canonical	dbgi_010064	Piper obtusissimum			Piper obtusissimum	taxon_name	resolved_from_primary_taxon_field	taxon_name		20260209112122	14.412113	50.121902	out_of_ch_range	
jbp	76201	dbgi_009868	canonical	dbgi_009868	Eugenia stipitata			Eugenia stipitata	taxon_name	resolved_from_primary_taxon_field	taxon_name		20260209112242	14.412127	50.121914	out_of_ch_range	
jbp	76202	dbgi_010074	canonical	dbgi_010074	Eugenia stipitata			Eugenia stipitata	taxon_name	resolved_from_primary_taxon_field	taxon_name		20260209112422	14.412127	50.121914	out_of_ch_range	
jbp	76203	dbgi_010026	canonical	dbgi_010026	Eugenia stipitata			Eugenia stipitata	taxon_name	resolved_from_primary_taxon_field	taxon_name		20260209112547	14.412127	50.121914	out_of_ch_range	
jbp	76204	dbgi_010034	canonical	dbgi_010034				Psychotria abouabouensis	name_proposition	resolved_from_fallback_taxon_field	name_proposition		20260209112653	14.412139	50.12193	out_of_ch_range	
jbp	76205	dbgi_010055	canonical	dbgi_010055				Psychotria abouabouensis	name_proposition	resolved_from_fallback_taxon_field	name_proposition		20260209112934	14.412139	50.12193	out_of_ch_range	
jbp	76206	dbgi_010076	canonical	dbgi_010076	Artocarpus heterophyllus			Artocarpus heterophyllus	taxon_name	resolved_from_primary_taxon_field	taxon_name		20260209120110	14.413511	50.122295	out_of_ch_range	
jbp	76207	dbgi_010073	canonical	dbgi_010073	Artocarpus heterophyllus			Artocarpus heterophyllus	taxon_name	resolved_from_primary_taxon_field	taxon_name		20260209120253	14.413511	50.122295	out_of_ch_range	
jbp	76208	dbgi_010000	canonical	dbgi_010000	Artocarpus heterophyllus			Artocarpus heterophyllus	taxon_name	resolved_from_primary_taxon_field	taxon_name		20260209120341	14.413511	50.122295	out_of_ch_range	
jbp	76209	dbgi_010043	canonical	dbgi_010043	Breynia disticha			Breynia disticha	taxon_name	resolved_from_primary_taxon_field	taxon_name		20260209120458	14.413534	50.12228	out_of_ch_range	
jbp	76210	dbgi_009989	canonical	dbgi_009989	Breynia disticha			Breynia disticha	taxon_name	resolved_from_primary_taxon_field	taxon_name		20260209120707	14.413534	50.12228	out_of_ch_range	
jbp	76211	dbgi_010040	canonical	dbgi_010040	Breynia disticha			Breynia disticha	taxon_name	resolved_from_primary_taxon_field	taxon_name		20260209120800	14.413534	50.12228	out_of_ch_range	
jbp	76212	dbgi_010066	canonical	dbgi_010066	Clusia sp.			Clusia sp.	taxon_name	resolved_from_primary_taxon_field	taxon_name		20260209120902	14.41378	50.122204	out_of_ch_range	
jbp	76213	dbgi_010007	canonical	dbgi_010007	Clusia sp.			Clusia sp.	taxon_name	resolved_from_primary_taxon_field	taxon_name		20260209121042	14.41378	50.122204	out_of_ch_range	
jbp	76214	dbgi_010068	canonical	dbgi_010068	Clusia sp.			Clusia sp.	taxon_name	resolved_from_primary_taxon_field	taxon_name		20260209121136	14.41378	50.122204	out_of_ch_range	
jbp	76215	dbgi_010003	canonical	dbgi_010003	Bixa orellana			Bixa orellana	taxon_name	resolved_from_primary_taxon_field	taxon_name		20260209121258	14.413852	50.122192	out_of_ch_range	
jbp	76216	dbgi_010054	canonical	dbgi_010054	Bixa orellana			Bixa orellana	taxon_name	resolved_from_primary_taxon_field	taxon_name		20260209121614	14.413852	50.122192	out_of_ch_range	
jbp	76217	dbgi_010004	canonical	dbgi_010004	Bixa orellana			Bixa orellana	taxon_name	resolved_from_primary_taxon_field	taxon_name		20260209121707	14.413852	50.122192	out_of_ch_range	
jbp	76218	dbgi_009928	canonical	dbgi_009928	Commiphora ornifolia			Commiphora ornifolia	taxon_name	resolved_from_primary_taxon_field	taxon_name		20260209113757	14.412164	50.121956	out_of_ch_range	
jbp	76219	dbgi_009947	canonical	dbgi_009947	Commiphora ornifolia			Commiphora ornifolia	taxon_name	resolved_from_primary_taxon_field	taxon_name		20260209114040	14.412164	50.121956	out_of_ch_range	
jbp	76220	dbgi_009936	canonical	dbgi_009936				Cryptostegia grandifolia	name_proposition	resolved_from_fallback_taxon_field	name_proposition		20260209114154	14.412041	50.121788	out_of_ch_range	
jbp	76221	dbgi_009920	canonical	dbgi_009920				Cryptostegia grandifolia	name_proposition	resolved_from_fallback_taxon_field	name_proposition		20260209114401	14.412041	50.121788	out_of_ch_range	
jbp	76222	dbgi_009961	canonical	dbgi_009961				Cryptostegia grandifolia	name_proposition	resolved_from_fallback_taxon_field	name_proposition		20260209114523	14.412041	50.121788	out_of_ch_range	
jbp	76223	dbgi_009955	canonical	dbgi_009955				Beaucarnea olsonii	name_proposition	resolved_from_fallback_taxon_field	name_proposition		20260209114639	14.412029	50.12178	out_of_ch_range	
jbp	76224	dbgi_009931	canonical	dbgi_009931				Beaucarnea olsonii	name_proposition	resolved_from_fallback_taxon_field	name_proposition		20260209114902	14.412029	50.12178	out_of_ch_range	
jbp	76225	dbgi_009923	canonical	dbgi_009923	Kalanchoe synsepala			Kalanchoe synsepala	taxon_name	resolved_from_primary_taxon_field	taxon_name		20260209114955	14.412027	50.12177	out_of_ch_range	
jbp	76226	dbgi_009925	canonical	dbgi_009925	Kalanchoe synsepala			Kalanchoe synsepala	taxon_name	resolved_from_primary_taxon_field	taxon_name		20260209115139	14.412027	50.12177	out_of_ch_range	
jbp	76227	dbgi_009996	canonical	dbgi_009996				Terminalia synsepala	name_proposition	resolved_from_fallback_taxon_field	name_proposition		20260209115312	14.414561	50.121872	out_of_ch_range	
jbp	76228	dbgi_010035	canonical	dbgi_010035				Terminalia synsepala	name_proposition	resolved_from_fallback_taxon_field	name_proposition		20260209115450	14.414561	50.121872	out_of_ch_range	
jbp	76229	dbgi_010039	canonical	dbgi_010039	Dillenia philippinensis			Dillenia philippinensis	taxon_name	resolved_from_primary_taxon_field	taxon_name		20260209115610	14.413481	50.122314	out_of_ch_range	
jbp	76230	dbgi_010011	canonical	dbgi_010011	Dillenia philippinensis			Dillenia philippinensis	taxon_name	resolved_from_primary_taxon_field	taxon_name		20260209115904	14.413481	50.122314	out_of_ch_range	
jbp	76231	dbgi_009967	canonical	dbgi_009967	Fragaria chiloensis			Fragaria chiloensis	taxon_name	resolved_from_primary_taxon_field	taxon_name		20260225093539	14.412205	50.12196	out_of_ch_range	
jbp	76232	dbgi_009976	canonical	dbgi_009976	Fragaria chiloensis			Fragaria chiloensis	taxon_name	resolved_from_primary_taxon_field	taxon_name		20260225093932	14.412205	50.12196	out_of_ch_range	
jbp	76233	dbgi_009957	canonical	dbgi_009957	Fragaria chiloensis			Fragaria chiloensis	taxon_name	resolved_from_primary_taxon_field	taxon_name		20260225094712	14.412205	50.12196	out_of_ch_range	
jbp	76234	dbgi_009929	canonical	dbgi_009929	Afrocarpus gaussenii			Afrocarpus gaussenii	taxon_name	resolved_from_primary_taxon_field	taxon_name		20260225095102	14.412197	50.12195	out_of_ch_range	
jbp	76235	dbgi_009968	canonical	dbgi_009968	Afrocarpus gaussenii			Afrocarpus gaussenii	taxon_name	resolved_from_primary_taxon_field	taxon_name		20260225095427	14.412197	50.12195	out_of_ch_range	
jbp	76236	dbgi_009922	canonical	dbgi_009922	Afrocarpus gaussenii			Afrocarpus gaussenii	taxon_name	resolved_from_primary_taxon_field	taxon_name		20260225100259	14.412203	50.12195	out_of_ch_range	
jbp	76237	dbgi_009924	canonical	dbgi_009924				Zamia stricta	name_proposition	resolved_from_fallback_taxon_field	name_proposition		20260225100641	14.412183	50.121925	out_of_ch_range	
jbp	76238	dbgi_010001	canonical	dbgi_010001				Zamia stricta	name_proposition	resolved_from_fallback_taxon_field	name_proposition		20260225101027	14.412183	50.121925	out_of_ch_range	
jbp	76239	dbgi_009918	canonical	dbgi_009918				Zamia stricta	name_proposition	resolved_from_fallback_taxon_field	name_proposition		20260225101425	14.412183	50.121925	out_of_ch_range	
jbp	76240	dbgi_010065	canonical	dbgi_010065	Sonchus congestus			Sonchus congestus	taxon_name	resolved_from_primary_taxon_field	taxon_name;name_proposition	taxon_name=Sonchus congestus;name_proposition=Zamia stricta	20260225101808	14.412168	50.12191	out_of_ch_range	taxon_unified_conflict
jbp	76241	dbgi_009941	canonical	dbgi_009941	Sonchus congestus			Sonchus congestus	taxon_name	resolved_from_primary_taxon_field	taxon_name;name_proposition	taxon_name=Sonchus congestus;name_proposition=Zamia stricta	20260225101955	14.412168	50.12191	out_of_ch_range	taxon_unified_conflict
jbp	76242	dbgi_009930	canonical	dbgi_009930				Pavonia candida	name_proposition	resolved_from_fallback_taxon_field	name_proposition		20260225102703	14.412161	50.121883	out_of_ch_range	
jbp	76243	dbgi_009940	canonical	dbgi_009940				Pavonia candida	name_proposition	resolved_from_fallback_taxon_field	name_proposition		20260225103050	14.412161	50.121883	out_of_ch_range	
jbp	76244	dbgi_010015	canonical	dbgi_010015				Pavonia candida	name_proposition	resolved_from_fallback_taxon_field	name_proposition		20260225103311	14.412162	50.121883	out_of_ch_range	
jbp	76245	dbgi_011769	canonical	dbgi_011769	Calluna vulgaris			Calluna vulgaris	taxon_name	resolved_from_primary_taxon_field	taxon_name;name_proposition	taxon_name=Calluna vulgaris;name_proposition=Phoenix doctylifera	20260225113317	14.412079	50.121788	out_of_ch_range	taxon_unified_conflict
jbp	76246	dbgi_010032	canonical	dbgi_010032	Iris x norrisii			Iris x norrisii	taxon_name	resolved_from_primary_taxon_field	taxon_name		20260225103732	14.412142	50.12187	out_of_ch_range	
jbp	76247	dbgi_009964	canonical	dbgi_009964	Iris x norrisii			Iris x norrisii	taxon_name	resolved_from_primary_taxon_field	taxon_name		20260225104144	14.412145	50.121864	out_of_ch_range	
jbp	76248	dbgi_010046	canonical	dbgi_010046				Aloe verdoorniae	name_proposition	resolved_from_fallback_taxon_field	name_proposition		20260225104708	14.412131	50.121853	out_of_ch_range	
jbp	76249	dbgi_009949	canonical	dbgi_009949				Aloe verdoorniae	name_proposition	resolved_from_fallback_taxon_field	name_proposition		20260225105100	14.412131	50.121853	out_of_ch_range	
jbp	76250	dbgi_009933	canonical	dbgi_009933	Coffea arabica			Coffea arabica	taxon_name	resolved_from_primary_taxon_field	taxon_name;name_proposition	taxon_name=Coffea arabica;name_proposition=Aloe verdoorniae	20260225105454	14.412124	50.121845	out_of_ch_range	taxon_unified_conflict
jbp	76251	dbgi_009926	canonical	dbgi_009926	Coffea arabica			Coffea arabica	taxon_name	resolved_from_primary_taxon_field	taxon_name;name_proposition	taxon_name=Coffea arabica;name_proposition=Aloe verdoorniae	20260225105707	14.412124	50.121845	out_of_ch_range	taxon_unified_conflict
jbp	76252	dbgi_009998	canonical	dbgi_009998	Coffea arabica			Coffea arabica	taxon_name	resolved_from_primary_taxon_field	taxon_name;name_proposition	taxon_name=Coffea arabica;name_proposition=Aloe verdoorniae	20260225105850	14.412124	50.121845	out_of_ch_range	taxon_unified_conflict
jbp	76253	dbgi_009927	canonical	dbgi_009927				Phoenix doctylifera	name_proposition	resolved_from_fallback_taxon_field	name_proposition		20260225110422	14.412108	50.121822	out_of_ch_range	
jbp	76254	dbgi_010031	canonical	dbgi_010031				Phoenix doctylifera	name_proposition	resolved_from_fallback_taxon_field	name_proposition		20260225110741	14.412108	50.121822	out_of_ch_range	
jbp	76255	dbgi_010028	canonical	dbgi_010028	Erica arborea			Erica arborea	taxon_name	resolved_from_primary_taxon_field	taxon_name;name_proposition	taxon_name=Erica arborea;name_proposition=Phoenix doctylifera	20260225111148	14.412095	50.121807	out_of_ch_range	taxon_unified_conflict
jbp	76256	dbgi_009948	canonical	dbgi_009948	Erica arborea			Erica arborea	taxon_name	resolved_from_primary_taxon_field	taxon_name;name_proposition	taxon_name=Erica arborea;name_proposition=Phoenix doctylifera	20260225111445	14.412095	50.121807	out_of_ch_range	taxon_unified_conflict
jbp	76257	dbgi_009921	canonical	dbgi_009921	Alyxia gynopogon			Alyxia gynopogon	taxon_name	resolved_from_primary_taxon_field	taxon_name;name_proposition	taxon_name=Alyxia gynopogon;name_proposition=Phoenix doctylifera	20260225111955	14.412091	50.1218	out_of_ch_range	taxon_unified_conflict
jbp	76258	dbgi_009956	canonical	dbgi_009956	Alyxia gynopogon			Alyxia gynopogon	taxon_name	resolved_from_primary_taxon_field	taxon_name;name_proposition	taxon_name=Alyxia gynopogon;name_proposition=Phoenix doctylifera	20260225112327	14.412091	50.1218	out_of_ch_range	taxon_unified_conflict
jbp	76259	dbgi_012141	canonical	dbgi_012141	Calluna vulgaris			Calluna vulgaris	taxon_name	resolved_from_primary_taxon_field	taxon_name;name_proposition	taxon_name=Calluna vulgaris;name_proposition=Phoenix doctylifera	20260225112633	14.412079	50.121788	out_of_ch_range	taxon_unified_conflict
jbp	76260	dbgi_011776	canonical	dbgi_011776	Calluna vulgaris			Calluna vulgaris	taxon_name	resolved_from_primary_taxon_field	taxon_name;name_proposition	taxon_name=Calluna vulgaris;name_proposition=Phoenix doctylifera	20260225112938	14.412079	50.121788	out_of_ch_range	taxon_unified_conflict
jbp	76261	dbgi_011780	canonical	dbgi_011780	Pilea peperomioides			Pilea peperomioides	taxon_name	resolved_from_primary_taxon_field	taxon_name		20260225122349	14.412124	50.121986	out_of_ch_range	
jbp	76262	dbgi_011787	canonical	dbgi_011787	Pilea peperomioides			Pilea peperomioides	taxon_name	resolved_from_primary_taxon_field	taxon_name		20260225122609	14.412124	50.121986	out_of_ch_range	
jbp	76263	dbgi_011918	canonical	dbgi_011918	Pilea peperomioides			Pilea peperomioides	taxon_name	resolved_from_primary_taxon_field	taxon_name		20260225122826	14.412124	50.121986	out_of_ch_range	
jbp	76264	dbgi_011808	canonical	dbgi_011808	Turnera ulmifolia			Turnera ulmifolia	taxon_name	resolved_from_primary_taxon_field	taxon_name		20260225124105	14.412173	50.121918	out_of_ch_range	
jbp	76265	dbgi_012158	canonical	dbgi_012158	Turnera ulmifolia			Turnera ulmifolia	taxon_name	resolved_from_primary_taxon_field	taxon_name		20260225124403	14.412173	50.121918	out_of_ch_range	
jbp	76266	dbgi_012112	canonical	dbgi_012112	Myrsine africana			Myrsine africana	taxon_name	resolved_from_primary_taxon_field	taxon_name		20260225124515	14.412173	50.121918	out_of_ch_range	
jbp	76267	dbgi_011920	canonical	dbgi_011920	Myrsine africana			Myrsine africana	taxon_name	resolved_from_primary_taxon_field	taxon_name		20260225124947	14.412653	50.12185	out_of_ch_range	
jbp	76268	dbgi_012051	canonical	dbgi_012051	Clivia caulescens			Clivia caulescens	taxon_name	resolved_from_primary_taxon_field	taxon_name		20260225125427	14.412715	50.12183	out_of_ch_range	
jbp	76269	dbgi_012034	canonical	dbgi_012034	Clivia caulescens			Clivia caulescens	taxon_name	resolved_from_primary_taxon_field	taxon_name		20260225125909	14.412715	50.12183	out_of_ch_range	
jbp	76270	dbgi_011854	canonical	dbgi_011854	Citrus hystrix			Citrus hystrix	taxon_name	resolved_from_primary_taxon_field	taxon_name		20260225130239	14.4127	50.121834	out_of_ch_range	
jbp	76271	dbgi_011860	canonical	dbgi_011860	Citrus hystrix			Citrus hystrix	taxon_name	resolved_from_primary_taxon_field	taxon_name		20260225130529	14.4127	50.121834	out_of_ch_range	
jbp	76272	dbgi_011771	canonical	dbgi_011771	Drimys winteri			Drimys winteri	taxon_name	resolved_from_primary_taxon_field	taxon_name		20260225130708	14.4127	50.121834	out_of_ch_range	
jbp	76273	dbgi_012116	canonical	dbgi_012116	Drimys winteri			Drimys winteri	taxon_name	resolved_from_primary_taxon_field	taxon_name		20260225131027	14.412701	50.121834	out_of_ch_range	
jbp	76274	dbgi_009997	canonical	dbgi_009997	Drimys winteri			Drimys winteri	taxon_name	resolved_from_primary_taxon_field	taxon_name		20260225131224	14.412701	50.121834	out_of_ch_range	
jbp	76275	dbgi_011851	canonical	dbgi_011851	Solandra maxima			Solandra maxima	taxon_name	resolved_from_primary_taxon_field	taxon_name		20260225131527	14.412693	50.121838	out_of_ch_range	
jbp	76276	dbgi_011924	canonical	dbgi_011924	Solandra maxima			Solandra maxima	taxon_name	resolved_from_primary_taxon_field	taxon_name		20260225131758	14.412693	50.121838	out_of_ch_range	
jbp	76277	dbgi_012058	canonical	dbgi_012058	Solandra maxima			Solandra maxima	taxon_name	resolved_from_primary_taxon_field	taxon_name		20260225131939	14.412693	50.121838	out_of_ch_range	
jbp	76278	dbgi_011849	canonical	dbgi_011849	Nerium oleander			Nerium oleander	taxon_name	resolved_from_primary_taxon_field	taxon_name		20260225132238	14.41257	50.121803	out_of_ch_range	
jbp	76279	dbgi_010075	canonical	dbgi_010075	Nerium oleander			Nerium oleander	taxon_name	resolved_from_primary_taxon_field	taxon_name		20260225132510	14.41257	50.121803	out_of_ch_range	
jbp	76280	dbgi_012066	canonical	dbgi_012066	Nerium oleander			Nerium oleander	taxon_name	resolved_from_primary_taxon_field	taxon_name		20260225132659	14.41257	50.121803	out_of_ch_range	
jbp	76281	dbgi_011800	canonical	dbgi_011800	Pinguicula esseriana			Pinguicula esseriana	taxon_name	resolved_from_primary_taxon_field	taxon_name		20260225133336	14.412267	50.121964	out_of_ch_range	
jbp	76282	dbgi_012056	canonical	dbgi_012056	Pinguicula esseriana			Pinguicula esseriana	taxon_name	resolved_from_primary_taxon_field	taxon_name		20260225133633	14.412267	50.121964	out_of_ch_range	
jbp	76283	dbgi_011804	canonical	dbgi_011804	Pinguicula esseriana			Pinguicula esseriana	taxon_name	resolved_from_primary_taxon_field	taxon_name		20260225134018	14.412267	50.121964	out_of_ch_range	
jbp	76284	dbgi_010070	canonical	dbgi_010070	Anthurium dombeyanum			Anthurium dombeyanum	taxon_name	resolved_from_primary_taxon_field	taxon_name		20260225093149	14.412428	50.121758	out_of_ch_range	
jbp	76285	dbgi_010018	canonical	dbgi_010018	Anthurium dombeyanum			Anthurium dombeyanum	taxon_name	resolved_from_primary_taxon_field	taxon_name		20260225093431	14.412423	50.121788	out_of_ch_range	
jbp	76286	dbgi_010006	canonical	dbgi_010006	Anthurium dombeyanum			Anthurium dombeyanum	taxon_name	resolved_from_primary_taxon_field	taxon_name		20260225093605	14.412422	50.121784	out_of_ch_range	
jbp	76287	dbgi_009990	canonical	dbgi_009990	Salvia divinorum			Salvia divinorum	taxon_name	resolved_from_primary_taxon_field	taxon_name		20260225093835	14.412423	50.121784	out_of_ch_range	
jbp	76288	dbgi_010051	canonical	dbgi_010051	Salvia divinorum			Salvia divinorum	taxon_name	resolved_from_primary_taxon_field	taxon_name		20260225094114	14.412423	50.121784	out_of_ch_range	
jbp	76289	dbgi_010048	canonical	dbgi_010048	Salvia divinorum			Salvia divinorum	taxon_name	resolved_from_primary_taxon_field	taxon_name		20260225094303	14.412423	50.121784	out_of_ch_range	
jbp	76290	dbgi_010044	canonical	dbgi_010044	Plectranthus scaposus			Plectranthus scaposus	taxon_name	resolved_from_primary_taxon_field	taxon_name		20260225095005	14.412423	50.121784	out_of_ch_range	
jbp	76291	dbgi_010050	canonical	dbgi_010050	Plectranthus scaposus			Plectranthus scaposus	taxon_name	resolved_from_primary_taxon_field	taxon_name		20260225095231	14.412423	50.121784	out_of_ch_range	
jbp	76292	dbgi_009978	canonical	dbgi_009978	Plectranthus scaposus			Plectranthus scaposus	taxon_name	resolved_from_primary_taxon_field	taxon_name		20260225095558	14.412423	50.121784	out_of_ch_range	
jbp	76293	dbgi_009981	canonical	dbgi_009981	Camellia sinensis			Camellia sinensis	taxon_name	resolved_from_primary_taxon_field	taxon_name		20260225095845	14.412423	50.121784	out_of_ch_range	
jbp	76294	dbgi_009979	canonical	dbgi_009979	Camellia sinensis			Camellia sinensis	taxon_name	resolved_from_primary_taxon_field	taxon_name		20260225100115	14.412423	50.121784	out_of_ch_range	
jbp	76295	dbgi_009987	canonical	dbgi_009987	Camellia sinensis			Camellia sinensis	taxon_name	resolved_from_primary_taxon_field	taxon_name		20260225100215	14.412423	50.121784	out_of_ch_range	
jbp	76296	dbgi_009980	canonical	dbgi_009980				Salvinia molesta	name_proposition	resolved_from_fallback_taxon_field	name_proposition		20260225100536	14.412423	50.121784	out_of_ch_range	
jbp	76297	dbgi_009985	canonical	dbgi_009985				Salvinia molesta	name_proposition	resolved_from_fallback_taxon_field	name_proposition		20260225100731	14.412423	50.121784	out_of_ch_range	
jbp	76298	dbgi_009969	canonical	dbgi_009969				Ternstroemia gitingensis	name_proposition	resolved_from_fallback_taxon_field	name_proposition		20260225101232	14.412423	50.121784	out_of_ch_range	
jbp	76299	dbgi_009938	canonical	dbgi_009938				Ternstroemia gitingensis	name_proposition	resolved_from_fallback_taxon_field	name_proposition		20260225101539	14.412423	50.121784	out_of_ch_range	
jbp	76300	dbgi_009984	canonical	dbgi_009984	Crinodendron patagua			Crinodendron patagua	taxon_name	resolved_from_primary_taxon_field	taxon_name		20260225101803	14.412423	50.121784	out_of_ch_range	
jbp	76301	dbgi_009954	canonical	dbgi_009954	Crinodendron patagua			Crinodendron patagua	taxon_name	resolved_from_primary_taxon_field	taxon_name		20260225102308	14.412422	50.12191	out_of_ch_range	
jbp	76302	dbgi_009824	canonical	dbgi_009824	Crinodendron patagua			Crinodendron patagua	taxon_name	resolved_from_primary_taxon_field	taxon_name		20260225102541	14.412422	50.12191	out_of_ch_range	
jbp	76303	dbgi_009973	canonical	dbgi_009973				Persea indica	name_proposition	resolved_from_fallback_taxon_field	name_proposition		20260225102726	14.412422	50.12191	out_of_ch_range	
jbp	76304	dbgi_009937	canonical	dbgi_009937				Persea indica	name_proposition	resolved_from_fallback_taxon_field	name_proposition		20260225102950	14.412422	50.12191	out_of_ch_range	
jbp	76305	dbgi_009971	canonical	dbgi_009971	Urera baccifera			Urera baccifera	taxon_name	resolved_from_primary_taxon_field	taxon_name		20260225103143	14.412422	50.12191	out_of_ch_range	
jbp	76306	dbgi_009945	canonical	dbgi_009945	Urera baccifera			Urera baccifera	taxon_name	resolved_from_primary_taxon_field	taxon_name		20260225103346	14.412422	50.12191	out_of_ch_range	
jbp	76307	dbgi_010045	canonical	dbgi_010045	Urera baccifera			Urera baccifera	taxon_name	resolved_from_primary_taxon_field	taxon_name		20260225103449	14.412422	50.12191	out_of_ch_range	
jbp	76308	dbgi_009952	canonical	dbgi_009952				Ficus burkei	name_proposition	resolved_from_fallback_taxon_field	name_proposition		20260225104149	14.412285	50.121517	out_of_ch_range	
jbp	76309	dbgi_010058	canonical	dbgi_010058				Ficus burkei	name_proposition	resolved_from_fallback_taxon_field	name_proposition		20260225104422	14.412285	50.121517	out_of_ch_range	
jbp	76310	dbgi_009946	canonical	dbgi_009946				Ficus burkei	name_proposition	resolved_from_fallback_taxon_field	name_proposition		20260225104656	14.412285	50.121517	out_of_ch_range	
jbp	76311	dbgi_009982	canonical	dbgi_009982	Brunfelsia grandiflora			Brunfelsia grandiflora	taxon_name	resolved_from_primary_taxon_field	taxon_name		20260225104819	14.412285	50.121517	out_of_ch_range	
jbp	76312	dbgi_009942	canonical	dbgi_009942	Brunfelsia grandiflora			Brunfelsia grandiflora	taxon_name	resolved_from_primary_taxon_field	taxon_name		20260225105004	14.412285	50.121517	out_of_ch_range	
jbp	76313	dbgi_009939	canonical	dbgi_009939	Persicaria odorata			Persicaria odorata	taxon_name	resolved_from_primary_taxon_field	taxon_name		20260225105214	14.412285	50.121517	out_of_ch_range	
jbp	76314	dbgi_009943	canonical	dbgi_009943	Persicaria odorata			Persicaria odorata	taxon_name	resolved_from_primary_taxon_field	taxon_name		20260225105402	14.412285	50.121517	out_of_ch_range	
jbp	76315	dbgi_009972	canonical	dbgi_009972	Podocarpus macrophyllus			Podocarpus macrophyllus	taxon_name	resolved_from_primary_taxon_field	taxon_name		20260225105543	14.412285	50.121517	out_of_ch_range	
jbp	76316	dbgi_009951	canonical	dbgi_009951	Podocarpus macrophyllus			Podocarpus macrophyllus	taxon_name	resolved_from_primary_taxon_field	taxon_name		20260225110010	14.412285	50.121517	out_of_ch_range	
jbp	76317	dbgi_009986	canonical	dbgi_009986	Podocarpus macrophyllus			Podocarpus macrophyllus	taxon_name	resolved_from_primary_taxon_field	taxon_name		20260225110203	14.412285	50.121517	out_of_ch_range	
jbp	76318	dbgi_009953	canonical	dbgi_009953	Podocarpus macrophyllus			Podocarpus macrophyllus	taxon_name	resolved_from_primary_taxon_field	taxon_name		20260225110319	14.412285	50.121517	out_of_ch_range	
jbp	76319	dbgi_009840	canonical	dbgi_009840	Podocarpus macrophyllus			Podocarpus macrophyllus	taxon_name	resolved_from_primary_taxon_field	taxon_name		20260225110517	14.412285	50.121517	out_of_ch_range	
jbp	76320	dbgi_009970	canonical	dbgi_009970	Ephedra chilensis			Ephedra chilensis	taxon_name	resolved_from_primary_taxon_field	taxon_name		20260225110829	14.412285	50.121517	out_of_ch_range	
jbp	76321	dbgi_009934	canonical	dbgi_009934	Selaginella peruviana			Selaginella peruviana	taxon_name	resolved_from_primary_taxon_field	taxon_name		20260225111113	14.412285	50.121517	out_of_ch_range	
jbp	76322	dbgi_009975	canonical	dbgi_009975	Dieffenbachia seguine			Dieffenbachia seguine	taxon_name	resolved_from_primary_taxon_field	taxon_name		20260225111313	14.412285	50.121517	out_of_ch_range	
jbp	76323	dbgi_012144	canonical	dbgi_012144	Dieffenbachia seguine			Dieffenbachia seguine	taxon_name	resolved_from_primary_taxon_field	taxon_name		20260225111550	14.412285	50.121517	out_of_ch_range	
jbp	76324	dbgi_012157	canonical	dbgi_012157				Gaultheria antipoda	name_proposition	resolved_from_fallback_taxon_field	name_proposition		20260225111808	14.412285	50.121517	out_of_ch_range	
jbp	76325	dbgi_010077	canonical	dbgi_010077				Gaultheria antipoda	name_proposition	resolved_from_fallback_taxon_field	name_proposition		20260225112047	14.412285	50.121517	out_of_ch_range	
jbp	76326	dbgi_012143	canonical	dbgi_012143				Gaultheria antipoda	name_proposition	resolved_from_fallback_taxon_field	name_proposition		20260225112329	14.412285	50.121517	out_of_ch_range	
jbp	76327	dbgi_010023	canonical	dbgi_010023				Aextoxicon punctatum	name_proposition	resolved_from_fallback_taxon_field	name_proposition		20260225122745	14.412285	50.121517	out_of_ch_range	
jbp	76328	dbgi_012105	canonical	dbgi_012105				Aextoxicon punctatum	name_proposition	resolved_from_fallback_taxon_field	name_proposition		20260225122946	14.412285	50.121517	out_of_ch_range	
jbp	76329	dbgi_011919	canonical	dbgi_011919				Boquila trifoliata	name_proposition	resolved_from_fallback_taxon_field	name_proposition		20260225123122	14.412285	50.121517	out_of_ch_range	
jbp	76330	dbgi_012106	canonical	dbgi_012106				Boquila trifoliata	name_proposition	resolved_from_fallback_taxon_field	name_proposition		20260225123433	14.412285	50.121517	out_of_ch_range	
jbp	76331	dbgi_010013	canonical	dbgi_010013	Utricularia alpina			Utricularia alpina	taxon_name	resolved_from_primary_taxon_field	taxon_name		20260225124054	14.412285	50.121517	out_of_ch_range	
jbp	76332	dbgi_010022	canonical	dbgi_010022	Utricularia alpina			Utricularia alpina	taxon_name	resolved_from_primary_taxon_field	taxon_name		20260225124238	14.412285	50.121517	out_of_ch_range	
jbp	76333	dbgi_012107	canonical	dbgi_012107	Utricularia alpina			Utricularia alpina	taxon_name	resolved_from_primary_taxon_field	taxon_name		20260225124447	14.412285	50.121517	out_of_ch_range	
jbp	76334	dbgi_011938	canonical	dbgi_011938	Anodendron affine			Anodendron affine	taxon_name	resolved_from_primary_taxon_field	taxon_name		20260225125329	14.412285	50.121517	out_of_ch_range	
jbp	76335	dbgi_012061	canonical	dbgi_012061	Anodendron affine			Anodendron affine	taxon_name	resolved_from_primary_taxon_field	taxon_name		20260225125600	14.412285	50.121517	out_of_ch_range	
jbp	76336	dbgi_011792	canonical	dbgi_011792	Carpobrotus edulis			Carpobrotus edulis	taxon_name	resolved_from_primary_taxon_field	taxon_name		20260225125834	14.412285	50.121517	out_of_ch_range	
jbp	76337	dbgi_012159	canonical	dbgi_012159	Carpobrotus edulis			Carpobrotus edulis	taxon_name	resolved_from_primary_taxon_field	taxon_name		20260225130024	14.412285	50.121517	out_of_ch_range	
jbp	76338	dbgi_012111	canonical	dbgi_012111	Carpobrotus edulis			Carpobrotus edulis	taxon_name	resolved_from_primary_taxon_field	taxon_name		20260225130136	14.412285	50.121517	out_of_ch_range	
jbp	76339	dbgi_011853	canonical	dbgi_011853	Cephalotus follicularis			Cephalotus follicularis	taxon_name	resolved_from_primary_taxon_field	taxon_name		20260225130820	14.412285	50.121517	out_of_ch_range	
jbp	76340	dbgi_011790	canonical	dbgi_011790	Drosophyllum lusitanicum			Drosophyllum lusitanicum	taxon_name	resolved_from_primary_taxon_field	taxon_name		20260225131214	14.412285	50.121517	out_of_ch_range	
jbp	76341	dbgi_012049	canonical	dbgi_012049	Rhododendron rousei			Rhododendron rousei	taxon_name	resolved_from_primary_taxon_field	taxon_name		20260225131500	14.412285	50.121517	out_of_ch_range	
jbp	76342	dbgi_012110	canonical	dbgi_012110	Darlingtonia californica			Darlingtonia californica	taxon_name	resolved_from_primary_taxon_field	taxon_name		20260225131824	14.412285	50.121517	out_of_ch_range	
jbp	76343	dbgi_011766	canonical	dbgi_011766	Darlingtonia californica			Darlingtonia californica	taxon_name	resolved_from_primary_taxon_field	taxon_name		20260225132011	14.412285	50.121517	out_of_ch_range	
jbp	76344	dbgi_012108	canonical	dbgi_012108	Heliamphora parva			Heliamphora parva	taxon_name	resolved_from_primary_taxon_field	taxon_name		20260225132149	14.412285	50.121517	out_of_ch_range	
jbp	76345	dbgi_012109	canonical	dbgi_012109	Sarracenia flava			Sarracenia flava	taxon_name	resolved_from_primary_taxon_field	taxon_name		20260225132543	14.412285	50.121517	out_of_ch_range	
jbp	76346	dbgi_011794	canonical	dbgi_011794	Nepenthes glandulifera			Nepenthes glandulifera	taxon_name	resolved_from_primary_taxon_field	taxon_name		20260225132726	14.412285	50.121517	out_of_ch_range	
jbp	76347	dbgi_011858	canonical	dbgi_011858	Nepenthes glandulifera			Nepenthes glandulifera	taxon_name	resolved_from_primary_taxon_field	taxon_name		20260225132946	14.412285	50.121517	out_of_ch_range	
jbp	76348	dbgi_011867	canonical	dbgi_011867	Nepenthes glandulifera			Nepenthes glandulifera	taxon_name	resolved_from_primary_taxon_field	taxon_name		20260225133151	14.412285	50.121517	out_of_ch_range	
jbp	76349	dbgi_012154	canonical	dbgi_012154	Nepenthes glandulifera			Nepenthes glandulifera	taxon_name	resolved_from_primary_taxon_field	taxon_name		20260225133314	14.412285	50.121517	out_of_ch_range	
jbp	76350	dbgi_012083	canonical	dbgi_012083	Drosera capensis			Drosera capensis	taxon_name	resolved_from_primary_taxon_field	taxon_name		20260225133504	14.412285	50.121517	out_of_ch_range	
jbp	76351	dbgi_011793	canonical	dbgi_011793	Dionaea muscipula			Dionaea muscipula	taxon_name	resolved_from_primary_taxon_field	taxon_name		20260225133835	14.412285	50.121517	out_of_ch_range	
jbp	76352	dbgi_011801	canonical	dbgi_011801	Dionaea muscipula			Dionaea muscipula	taxon_name	resolved_from_primary_taxon_field	taxon_name		20260225134126	14.412285	50.121517	out_of_ch_range	
